-- MariaDB dump 10.17  Distrib 10.4.15-MariaDB, for Linux (x86_64)
--
-- Host: mysql.hostinger.ro    Database: u574849695_22
-- ------------------------------------------------------
-- Server version	10.4.15-MariaDB-cll-lve

/*!40101 SET @OLD_CHARACTER_SET_CLIENT=@@CHARACTER_SET_CLIENT */;
/*!40101 SET @OLD_CHARACTER_SET_RESULTS=@@CHARACTER_SET_RESULTS */;
/*!40101 SET @OLD_COLLATION_CONNECTION=@@COLLATION_CONNECTION */;
/*!40101 SET NAMES utf8mb4 */;
/*!40103 SET @OLD_TIME_ZONE=@@TIME_ZONE */;
/*!40103 SET TIME_ZONE='+00:00' */;
/*!40014 SET @OLD_UNIQUE_CHECKS=@@UNIQUE_CHECKS, UNIQUE_CHECKS=0 */;
/*!40014 SET @OLD_FOREIGN_KEY_CHECKS=@@FOREIGN_KEY_CHECKS, FOREIGN_KEY_CHECKS=0 */;
/*!40101 SET @OLD_SQL_MODE=@@SQL_MODE, SQL_MODE='NO_AUTO_VALUE_ON_ZERO' */;
/*!40111 SET @OLD_SQL_NOTES=@@SQL_NOTES, SQL_NOTES=0 */;

--
-- Table structure for table `communities`
--

DROP TABLE IF EXISTS `communities`;
/*!40101 SET @saved_cs_client     = @@character_set_client */;
/*!40101 SET character_set_client = utf8 */;
CREATE TABLE `communities` (
  `id` bigint(20) unsigned NOT NULL AUTO_INCREMENT,
  `name` varchar(145) COLLATE utf8mb4_unicode_ci NOT NULL,
  `description` varchar(245) COLLATE utf8mb4_unicode_ci DEFAULT NULL,
  `admin_id` bigint(20) unsigned NOT NULL,
  PRIMARY KEY (`id`),
  KEY `fk_communities_users_admin_idx` (`admin_id`),
  CONSTRAINT `fk_communities_users` FOREIGN KEY (`admin_id`) REFERENCES `users` (`id`)
) ENGINE=InnoDB AUTO_INCREMENT=51 DEFAULT CHARSET=utf8mb4 COLLATE=utf8mb4_unicode_ci;
/*!40101 SET character_set_client = @saved_cs_client */;

--
-- Dumping data for table `communities`
--

LOCK TABLES `communities` WRITE;
/*!40000 ALTER TABLE `communities` DISABLE KEYS */;
INSERT INTO `communities` VALUES (1,'aut','Numquam perferendis dicta a temporibus rem voluptatem dignissimos ipsa. Aut dolor consectetur reiciendis nobis. Aut aut deserunt ex aut accusamus dolorum accusantium est. Ducimus voluptatem aut recusandae quos dolores omnis. Nihil culpa et repel',1),(2,'voluptatum','Laboriosam libero cum assumenda tempore et quisquam enim voluptatem. Rerum minus blanditiis fugiat amet sint eum. Consequatur aliquid qui et quidem sint atque. Sit sit quaerat expedita laboriosam illum rerum culpa.',2),(3,'ut','Non eius accusantium qui rerum. Omnis qui non quia sit. Sint sit quos assumenda earum consequuntur deserunt. Beatae iste magnam quos repellendus. Totam occaecati dolorem quas enim.',3),(4,'magnam','Ipsum non pariatur sint magnam. Aperiam dolor delectus expedita ipsam repellat nihil qui.',4),(5,'architecto','Et earum dolores quod magnam dignissimos quisquam fugiat nemo. Optio qui est laudantium. Quasi velit aut minima at. Dolore voluptas et hic est molestias dicta non.',5),(6,'tenetur','Qui aspernatur laudantium voluptate. Est natus et et quam quos et maiores. Debitis id et sint maiores est esse et.',6),(7,'doloribus','Nihil doloribus sit vitae ipsa totam. Quo voluptates earum corporis temporibus. Quia qui adipisci sint commodi.',7),(8,'totam','Earum corrupti provident fuga ut non. Est consequatur aspernatur aliquam quia rem eos. Eius voluptas molestiae earum temporibus error perferendis.',8),(9,'molestiae','Aut quasi tempora earum optio assumenda. Magni ut totam dolorem sit. Voluptates iusto sed ut ullam eligendi. Cumque explicabo eveniet ipsam labore saepe quas.',9),(10,'vero','Corporis qui omnis quia cumque porro. Omnis in minus vel ab quod iure est cupiditate. Quibusdam rerum esse et et ea magnam recusandae. Nulla natus enim laboriosam est optio dolorem doloremque.',10),(11,'sit','Suscipit mollitia est possimus voluptatem earum et atque. Aliquid fugit autem ut assumenda quia. Iusto ratione sed assumenda eius repellat quaerat laborum.',11),(12,'culpa','Ullam ipsa adipisci veniam eius quaerat blanditiis eos. Mollitia praesentium tenetur vel cupiditate velit accusamus beatae quaerat. Laudantium consequatur debitis non excepturi illo. Eos sed qui earum ratione.',12),(13,'ullam','Doloribus voluptatem adipisci ut nulla aspernatur quia rerum. Quia voluptas rerum incidunt ipsam. Ex facilis ut deserunt maxime atque ea animi. Qui sit reprehenderit porro.',13),(14,'autem','Assumenda ut ratione ratione laborum enim. Perferendis nihil est nam dicta placeat quaerat. Debitis labore animi voluptatibus doloribus quo explicabo voluptatibus. Laborum dolores beatae et et voluptas aut eaque.',14),(15,'mollitia','Et provident sunt explicabo odit eveniet possimus quis. Possimus ut impedit blanditiis est molestiae. Nihil optio temporibus perspiciatis quia.',15),(16,'porro','Sunt eum dolor quasi similique. Minus recusandae minus ipsum ad natus. Consequatur molestiae itaque animi tenetur.',16),(17,'itaque','Nam ipsa deleniti hic et enim sequi aliquid ab. Itaque optio quisquam necessitatibus. Facere commodi odit similique.',17),(18,'corrupti','Eveniet veritatis voluptate id autem mollitia voluptate. Qui sit repellendus qui autem. Id sapiente ut explicabo culpa.',18),(19,'sit','Nihil sequi laborum quis facilis ea laboriosam voluptas tempore. Perspiciatis architecto expedita ullam et blanditiis ipsam quia vero. Consequatur aliquid commodi ut itaque non blanditiis. Est odit sunt sunt culpa ut.',19),(20,'aut','Cumque iste et quo id rerum. Iste ut necessitatibus praesentium nam. Nam distinctio eum perspiciatis voluptas ut.',20),(21,'architecto','Corrupti sint at ea aut eos. Impedit sed ut iusto quos. Nemo ea libero repellat omnis dolorum dolor impedit.',21),(22,'quasi','Sapiente dicta ut quidem expedita placeat possimus. Omnis quibusdam sed qui pariatur velit omnis eum repellat. Error facere sapiente nam dolorem alias est mollitia.',22),(23,'rerum','Culpa nostrum dolore quas porro perspiciatis sed. Enim qui quis sed ad. Voluptatibus quidem tempora quasi.',23),(24,'rerum','Vitae nulla esse nesciunt voluptatem. Vel voluptatibus occaecati magnam architecto recusandae. Rerum odit reprehenderit reiciendis ut voluptatum molestiae. Pariatur deserunt temporibus veniam dignissimos molestiae quia.',24),(25,'similique','Sint sint saepe cumque temporibus est quisquam nesciunt. Nihil magni dolore cumque dicta fuga sed nulla aperiam. Illo iure dolores facere accusantium saepe quaerat. Dignissimos est possimus dignissimos hic.',25),(26,'incidunt','Dicta eligendi sapiente aut rerum. Consequatur atque aliquam error nihil assumenda aut doloremque.',26),(27,'necessitatibus','Quibusdam officiis dolorum doloribus voluptatem. Est rerum suscipit ut molestias. Eos minima sint rem sed asperiores et.',27),(28,'ea','Nisi tempora in necessitatibus non velit aut. Voluptatem dicta dolorem nemo dolor. Qui similique ratione et earum. Et reiciendis maxime iste quia aut molestias dolorem.',28),(29,'quis','Deleniti doloribus adipisci est est. Consequatur rerum quasi porro sit esse id enim. Consequuntur aut saepe at et voluptas dolor.',29),(30,'et','Ducimus ducimus natus veritatis exercitationem natus et saepe. Enim dolore sapiente maiores aliquam earum assumenda eligendi. Perferendis minima assumenda voluptatibus rerum est. Odit molestias et quia rerum vel voluptate laudantium.',30),(31,'quidem','Itaque est autem soluta voluptatem odit. Eveniet aliquam ea voluptatem veritatis ipsam. Voluptatibus numquam ut doloremque totam blanditiis unde. Sed nobis eos placeat officia ipsa.',31),(32,'adipisci','Ut perferendis quod commodi occaecati et odit. Officiis dolores atque sint illum quas odit et. Quae sequi nihil deserunt corporis ut esse necessitatibus.',32),(33,'quia','Recusandae et non quia et. Autem repudiandae quia eligendi dolores totam sunt qui. Neque nobis eius aut quisquam hic consequatur sapiente.',33),(34,'dolorum','Labore ratione adipisci ut. Sit aspernatur debitis voluptas quam. Consequuntur velit velit neque. Ratione qui sit voluptates nesciunt suscipit vero.',34),(35,'assumenda','Fugit nulla rem fugit. Repellat et ipsum incidunt dolorem provident ipsa. Dolorum quas fuga eligendi quos.',35),(36,'repellat','Tempora possimus nam veritatis. Aut mollitia sed hic natus quisquam quia veniam. Cumque expedita facere quam eum est iure quis cupiditate. Veniam et dolore quia aut id.',36),(37,'fuga','Id praesentium ea nobis ipsam ex eum alias. Velit reprehenderit pariatur explicabo dolor. Totam expedita qui illo non odio.',37),(38,'aspernatur','Amet alias aliquid fugiat at voluptatem. Eius aut deleniti perspiciatis eos. Nemo libero qui et at velit quis esse. Et doloribus et deserunt et. Tenetur mollitia atque magnam est harum minus aspernatur quidem.',38),(39,'non','Sequi voluptas doloremque iure temporibus quidem nemo. Cupiditate deserunt fugiat sit esse. Nisi nisi cupiditate est corrupti tempora suscipit corrupti.',39),(40,'modi','Ut id ullam voluptates. Iste nostrum eveniet fuga illum omnis sint. Quas aut officiis aspernatur ad voluptatibus.',40),(41,'quo','Aut ea minus eum praesentium dignissimos. Aperiam sint minus possimus ipsa qui quas incidunt laudantium. Rerum illum quas at voluptas aliquam omnis.',41),(42,'quos','Odit ut eaque quia consequatur mollitia perferendis. Dolorem repellat illo labore qui fugit consequuntur. Perspiciatis praesentium rerum quia dolores. Autem quo animi tempora nihil non autem.',42),(43,'nihil','Nobis est atque aperiam. Accusamus qui sed maxime at. Labore accusamus occaecati officia ea dolore numquam. Suscipit non omnis minima at.',43),(44,'doloribus','Sit modi consequatur dolorum et ut modi sed. Voluptates perspiciatis consequatur consequatur et.',44),(45,'atque','Sunt facilis molestiae vel distinctio. Rerum sunt doloribus nesciunt doloremque dignissimos minus ut. Ullam excepturi et eos sint.',45),(46,'itaque','Voluptas et et placeat voluptate eum laboriosam. Dolore hic qui sit et. Eligendi laudantium velit perspiciatis consequatur enim ea et. Provident repellendus sed nesciunt.',46),(47,'qui','At architecto non iure. Dolore nobis voluptas saepe dolorem eaque.',47),(48,'aliquam','Corrupti deleniti est error vitae. Provident dolorum et accusamus nihil rerum asperiores. Voluptates voluptatum quis nostrum molestias dolor repellat optio culpa. Qui ea debitis ut eos.',48),(49,'iste','Consectetur quo aperiam magni nemo eos et omnis. Dolorem ipsam id culpa qui dolorem dicta. Eveniet eos deleniti quos et et. Ipsam ut placeat blanditiis alias hic omnis maxime.',49),(50,'expedita','Et itaque quidem perspiciatis placeat. Quidem dolorum voluptas pariatur omnis. Reiciendis a sed magni iusto suscipit eos. Voluptatum sed odit illo quis alias magnam doloribus. Ad autem ducimus dolor est autem et expedita.',50);
/*!40000 ALTER TABLE `communities` ENABLE KEYS */;
UNLOCK TABLES;

--
-- Table structure for table `communities_users`
--

DROP TABLE IF EXISTS `communities_users`;
/*!40101 SET @saved_cs_client     = @@character_set_client */;
/*!40101 SET character_set_client = utf8 */;
CREATE TABLE `communities_users` (
  `community_id` bigint(20) unsigned NOT NULL,
  `user_id` bigint(20) unsigned NOT NULL,
  `created_at` datetime NOT NULL DEFAULT current_timestamp(),
  PRIMARY KEY (`community_id`,`user_id`),
  KEY `fk_communities_users_comm_idx` (`community_id`),
  KEY `fk_communities_users_users_idx` (`user_id`),
  CONSTRAINT `fk_communities_users_comm` FOREIGN KEY (`community_id`) REFERENCES `communities` (`id`),
  CONSTRAINT `fk_communities_users_users` FOREIGN KEY (`user_id`) REFERENCES `users` (`id`)
) ENGINE=InnoDB DEFAULT CHARSET=utf8mb4 COLLATE=utf8mb4_unicode_ci;
/*!40101 SET character_set_client = @saved_cs_client */;

--
-- Dumping data for table `communities_users`
--

LOCK TABLES `communities_users` WRITE;
/*!40000 ALTER TABLE `communities_users` DISABLE KEYS */;
INSERT INTO `communities_users` VALUES (1,1,'2019-01-28 18:34:35'),(1,51,'1999-01-10 08:41:13'),(2,2,'2010-04-10 07:40:51'),(2,52,'2019-07-07 07:22:54'),(3,3,'1983-11-25 01:29:42'),(3,53,'2013-03-16 09:02:28'),(4,4,'1971-07-20 23:24:03'),(4,54,'1971-02-12 03:16:50'),(5,5,'2012-02-01 14:53:38'),(5,55,'2013-12-28 08:15:24'),(6,6,'2011-01-18 19:55:38'),(6,56,'2003-03-26 21:09:15'),(7,7,'1981-05-22 15:55:56'),(7,57,'1989-04-06 03:42:30'),(8,8,'1981-09-05 04:00:32'),(8,58,'1976-06-19 01:09:34'),(9,9,'2006-10-29 06:15:28'),(9,59,'2010-06-25 03:05:52'),(10,10,'1977-09-25 02:25:42'),(10,60,'2012-08-16 04:30:45'),(11,11,'1972-04-06 11:55:49'),(11,61,'2017-12-18 07:33:44'),(12,12,'1990-12-03 04:51:17'),(12,62,'1981-11-02 16:57:39'),(13,13,'1984-07-28 06:28:18'),(13,63,'2007-02-27 16:01:29'),(14,14,'1987-10-18 10:17:52'),(14,64,'1985-07-03 02:04:38'),(15,15,'2000-01-02 05:18:31'),(15,65,'2003-06-23 03:10:06'),(16,16,'1990-07-16 23:50:35'),(16,66,'1987-02-04 09:29:26'),(17,17,'1982-08-21 03:38:02'),(17,67,'1990-08-27 02:05:51'),(18,18,'1981-05-17 21:21:09'),(18,68,'1991-11-16 22:40:31'),(19,19,'2008-03-15 15:05:14'),(19,69,'1984-12-30 11:35:27'),(20,20,'2009-12-23 17:21:28'),(20,70,'1981-09-29 10:06:33'),(21,21,'2000-04-14 04:48:11'),(21,71,'1980-01-18 19:20:45'),(22,22,'1978-08-01 08:29:22'),(22,72,'2009-01-05 18:59:15'),(23,23,'1999-03-10 23:52:56'),(23,73,'1972-04-15 02:36:24'),(24,24,'2014-02-20 18:52:21'),(24,74,'2011-05-11 10:01:06'),(25,25,'1980-11-10 15:43:33'),(25,75,'2008-05-17 06:29:03'),(26,26,'2003-06-02 18:55:13'),(26,76,'1981-08-16 11:13:18'),(27,27,'2000-03-09 10:11:27'),(27,77,'2001-10-30 06:16:17'),(28,28,'1986-11-09 07:50:40'),(28,78,'1972-04-03 22:06:50'),(29,29,'1995-09-16 14:27:04'),(29,79,'1982-08-04 23:53:19'),(30,30,'1994-10-10 04:28:42'),(30,80,'2002-03-12 05:34:36'),(31,31,'2004-07-10 03:05:32'),(31,81,'2002-11-13 07:20:20'),(32,32,'1988-12-18 19:51:53'),(32,82,'2010-03-15 18:44:21'),(33,33,'2020-04-30 12:07:40'),(33,83,'1986-04-04 14:18:15'),(34,34,'1982-10-31 21:16:14'),(34,84,'2019-05-12 14:49:40'),(35,35,'2001-06-04 01:19:22'),(35,85,'1975-07-02 17:29:31'),(36,36,'1979-07-19 16:59:52'),(36,86,'1984-09-21 13:05:08'),(37,37,'1993-03-03 12:22:35'),(37,87,'2000-07-17 00:58:06'),(38,38,'1979-08-06 17:15:12'),(38,88,'2009-02-17 18:53:28'),(39,39,'1993-05-27 06:38:24'),(39,89,'2014-10-22 18:22:01'),(40,40,'2020-07-30 02:55:01'),(40,90,'2016-03-15 01:38:46'),(41,41,'1987-12-22 19:37:02'),(41,91,'1973-04-22 04:38:44'),(42,42,'1993-10-21 20:05:55'),(42,92,'1972-04-17 11:52:15'),(43,43,'2006-01-19 13:54:16'),(43,93,'2016-12-29 09:33:10'),(44,44,'1970-06-23 08:18:22'),(44,94,'1996-06-06 07:05:26'),(45,45,'2003-03-02 22:19:37'),(45,95,'1991-09-14 20:10:18'),(46,46,'1972-12-01 18:39:17'),(46,96,'1980-03-18 04:17:40'),(47,47,'1999-11-14 02:01:58'),(47,97,'2008-06-06 13:07:06'),(48,48,'1983-07-23 10:32:27'),(48,98,'2011-09-11 08:30:29'),(49,49,'1979-12-18 00:09:55'),(49,99,'2004-01-07 18:58:28'),(50,50,'2014-11-11 20:01:23'),(50,100,'1989-03-10 01:15:04');
/*!40000 ALTER TABLE `communities_users` ENABLE KEYS */;
UNLOCK TABLES;

--
-- Table structure for table `friend_requests`
--

DROP TABLE IF EXISTS `friend_requests`;
/*!40101 SET @saved_cs_client     = @@character_set_client */;
/*!40101 SET character_set_client = utf8 */;
CREATE TABLE `friend_requests` (
  `from_user_id` bigint(20) unsigned NOT NULL,
  `to_user_id` bigint(20) unsigned NOT NULL,
  `accepted` tinyint(1) DEFAULT 0,
  `created_at` datetime DEFAULT current_timestamp(),
  `updated_at` datetime DEFAULT NULL ON UPDATE current_timestamp(),
  PRIMARY KEY (`from_user_id`,`to_user_id`),
  KEY `fk_friend_requests_from_user_idx` (`from_user_id`),
  KEY `fk_friend_requests_to_user_idx` (`to_user_id`),
  CONSTRAINT `fk_friend_requests_users_1` FOREIGN KEY (`from_user_id`) REFERENCES `users` (`id`),
  CONSTRAINT `fk_friend_requests_users_2` FOREIGN KEY (`to_user_id`) REFERENCES `users` (`id`)
) ENGINE=InnoDB DEFAULT CHARSET=utf8mb4 COLLATE=utf8mb4_unicode_ci;
/*!40101 SET character_set_client = @saved_cs_client */;

--
-- Dumping data for table `friend_requests`
--

LOCK TABLES `friend_requests` WRITE;
/*!40000 ALTER TABLE `friend_requests` DISABLE KEYS */;
INSERT INTO `friend_requests` VALUES (1,1,1,'1988-11-15 23:58:58','2003-10-04 09:16:06'),(2,2,0,'1974-12-24 12:09:20','1990-09-19 13:45:28'),(3,3,1,'1981-12-21 00:03:29','2008-07-11 14:44:45'),(4,4,0,'1971-06-26 21:34:31','1991-06-25 23:36:26'),(5,5,0,'2014-01-22 02:07:13','1971-05-02 04:34:54'),(6,6,1,'2008-01-18 05:03:25','1990-06-25 09:50:51'),(7,7,1,'1989-05-10 13:03:14','2017-10-12 19:50:31'),(8,8,1,'2015-08-09 21:08:04','1999-03-15 00:59:42'),(9,9,0,'1974-03-20 10:16:12','1976-04-13 19:43:39'),(10,10,0,'1997-04-07 21:38:00','1994-03-10 20:58:20'),(11,11,0,'2001-10-16 05:17:13','1973-10-31 15:38:00'),(12,12,0,'2019-01-06 20:07:17','1994-10-24 10:07:28'),(13,13,0,'1974-05-27 15:46:31','2006-11-19 19:16:09'),(14,14,0,'2010-12-01 06:33:09','2012-07-10 18:40:23'),(15,15,1,'1985-04-17 12:50:51','1981-07-12 00:00:23'),(16,16,0,'1998-11-27 14:45:42','2013-11-14 01:05:16'),(17,17,1,'1995-06-29 20:48:14','2009-12-31 13:02:44'),(18,18,1,'2000-12-09 20:16:38','1990-10-18 01:52:34'),(19,19,0,'1986-01-15 10:08:29','2008-06-26 19:42:10'),(20,20,1,'1982-07-21 23:43:06','2017-06-11 14:55:55'),(21,21,0,'2007-09-17 20:53:37','1994-02-10 22:14:52'),(22,22,0,'1999-04-30 17:20:56','2013-09-26 07:49:06'),(23,23,1,'1987-08-25 02:04:19','1984-06-17 09:38:36'),(24,24,0,'1994-06-02 00:25:56','2017-05-01 05:15:41'),(25,25,0,'1991-10-04 03:29:57','2012-07-08 18:13:14'),(26,26,1,'2012-08-29 03:03:49','1999-09-19 18:45:32'),(27,27,1,'1989-06-12 21:05:57','1992-06-21 23:37:54'),(28,28,0,'1983-05-20 08:36:56','1983-11-18 03:58:43'),(29,29,0,'2000-03-30 20:31:38','1994-09-10 10:47:31'),(30,30,0,'1970-04-20 00:45:52','1979-03-03 13:21:14'),(31,31,1,'1977-06-13 14:33:52','1981-10-01 07:35:03'),(32,32,0,'1984-08-04 10:10:21','2013-07-23 09:29:11'),(33,33,0,'1994-03-24 03:31:40','2007-01-05 20:08:01'),(34,34,0,'1983-03-09 08:40:13','1976-05-18 20:49:04'),(35,35,0,'2008-11-26 07:44:32','2020-10-01 02:34:35'),(36,36,0,'2011-09-25 06:09:49','1994-10-13 00:46:40'),(37,37,0,'1972-10-16 18:56:56','2020-12-06 16:43:46'),(38,38,1,'1985-09-11 00:55:11','2017-11-02 19:08:42'),(39,39,0,'1984-03-11 08:30:46','1971-08-17 20:43:18'),(40,40,0,'1978-09-12 04:35:58','2008-06-10 17:44:24'),(41,41,1,'2019-12-13 13:30:06','2010-02-16 08:59:09'),(42,42,1,'1995-11-20 16:21:02','2003-03-19 23:27:11'),(43,43,1,'1989-12-24 06:37:42','2007-07-13 16:59:48'),(44,44,1,'1995-08-25 01:12:27','1971-01-15 12:13:04'),(45,45,1,'2015-01-09 17:15:51','2020-02-05 05:31:47'),(46,46,1,'2014-02-19 16:39:32','1972-06-14 03:56:57'),(47,47,1,'1971-02-14 03:01:15','2008-05-24 10:01:04'),(48,48,0,'1980-11-29 12:53:54','1998-06-28 14:19:03'),(49,49,0,'1980-09-22 23:18:19','1987-10-18 20:34:14'),(50,50,1,'1983-07-19 20:23:23','2017-06-20 09:10:14'),(51,51,0,'1996-10-08 04:40:54','1981-05-07 20:04:06'),(52,52,0,'2018-11-20 17:43:13','1999-11-28 05:34:14'),(53,53,1,'1989-12-23 07:43:53','1987-10-01 19:47:27'),(54,54,1,'2011-02-25 19:52:45','1981-05-24 09:06:29'),(55,55,1,'1987-07-12 23:23:13','2007-09-22 17:56:31'),(56,56,1,'1996-04-28 13:00:10','1993-09-27 03:31:12'),(57,57,1,'1972-12-23 03:22:08','1984-04-24 06:47:09'),(58,58,0,'2020-09-09 23:44:26','1976-12-17 03:17:30'),(59,59,0,'1972-05-20 03:43:35','1973-08-03 05:59:37'),(60,60,1,'1996-08-22 10:12:05','2020-08-09 08:00:37'),(61,61,1,'1983-03-02 22:57:35','1979-01-27 17:17:27'),(62,62,1,'1987-11-15 20:20:01','1974-01-13 22:20:00'),(63,63,0,'1985-01-14 17:18:31','2008-01-09 15:45:57'),(64,64,0,'1985-08-06 11:15:57','2005-02-19 00:48:20'),(65,65,1,'1997-05-18 11:27:25','1975-06-21 16:27:08'),(66,66,1,'1990-01-08 09:52:44','1982-02-27 10:07:52'),(67,67,0,'1987-02-03 04:49:26','2003-07-18 06:12:28'),(68,68,0,'1970-05-01 23:36:31','2003-06-05 02:25:38'),(69,69,0,'1979-02-01 13:32:46','2002-03-07 04:28:09'),(70,70,1,'1993-07-18 09:52:00','1980-06-22 16:18:15');
/*!40000 ALTER TABLE `friend_requests` ENABLE KEYS */;
UNLOCK TABLES;

--
-- Table structure for table `media`
--

DROP TABLE IF EXISTS `media`;
/*!40101 SET @saved_cs_client     = @@character_set_client */;
/*!40101 SET character_set_client = utf8 */;
CREATE TABLE `media` (
  `id` bigint(20) unsigned NOT NULL AUTO_INCREMENT,
  `user_id` bigint(20) unsigned NOT NULL,
  `media_types_id` int(10) unsigned NOT NULL,
  `file_name` varchar(245) COLLATE utf8mb4_unicode_ci DEFAULT NULL COMMENT '/files/folder/img.png',
  `file_size` bigint(20) DEFAULT NULL,
  `created_at` datetime NOT NULL DEFAULT current_timestamp(),
  PRIMARY KEY (`id`),
  KEY `fk_media_media_types_idx` (`media_types_id`),
  KEY `fk_media_users_idx` (`user_id`),
  CONSTRAINT `fk_media_media_types` FOREIGN KEY (`media_types_id`) REFERENCES `media_types` (`id`),
  CONSTRAINT `fk_media_users` FOREIGN KEY (`user_id`) REFERENCES `users` (`id`)
) ENGINE=InnoDB AUTO_INCREMENT=201 DEFAULT CHARSET=utf8mb4 COLLATE=utf8mb4_unicode_ci;
/*!40101 SET character_set_client = @saved_cs_client */;

--
-- Dumping data for table `media`
--

LOCK TABLES `media` WRITE;
/*!40000 ALTER TABLE `media` DISABLE KEYS */;
INSERT INTO `media` VALUES (1,1,1,'eos',963,'1980-04-26 03:04:12'),(2,2,2,'iusto',3564869,'2016-10-20 21:20:38'),(3,3,3,'in',96835243,'2013-01-11 21:09:40'),(4,4,4,'distinctio',2821368,'2013-11-05 10:31:07'),(5,5,1,'omnis',2379691,'1987-12-29 18:13:19'),(6,6,2,'velit',4,'2015-03-26 08:17:30'),(7,7,3,'aperiam',762,'1979-04-10 20:41:03'),(8,8,4,'est',97,'2005-03-20 20:27:11'),(9,9,1,'vel',91397066,'2002-12-09 14:10:39'),(10,10,2,'voluptates',8965,'1981-05-11 11:17:52'),(11,11,3,'officia',16972218,'1974-05-07 16:38:31'),(12,12,4,'assumenda',82,'2015-11-16 18:29:43'),(13,13,1,'libero',0,'2015-07-11 13:08:05'),(14,14,2,'voluptas',368699702,'1973-10-14 09:58:33'),(15,15,3,'quia',56,'1995-04-25 17:58:47'),(16,16,4,'voluptatum',0,'1973-08-08 22:45:50'),(17,17,1,'modi',4693297,'1998-03-02 04:35:10'),(18,18,2,'rerum',0,'1973-11-02 07:15:28'),(19,19,3,'aut',930325,'1972-06-15 11:39:05'),(20,20,4,'sit',9484,'2007-12-25 17:59:46'),(21,21,1,'perferendis',681,'1995-01-13 09:05:28'),(22,22,2,'in',469631,'1989-09-28 05:06:18'),(23,23,3,'molestias',0,'1970-06-13 16:47:10'),(24,24,4,'et',67860400,'2017-10-27 17:14:27'),(25,25,1,'debitis',1,'1974-12-10 18:26:19'),(26,26,2,'omnis',632739,'2020-06-12 19:41:06'),(27,27,3,'accusantium',52060116,'2004-09-25 04:33:26'),(28,28,4,'nisi',47233,'1996-06-28 01:24:35'),(29,29,1,'veniam',385743011,'2004-10-31 07:49:41'),(30,30,2,'et',4491,'1979-12-26 01:56:30'),(31,31,3,'est',94,'1973-10-13 11:43:09'),(32,32,4,'ut',68,'1979-05-05 08:43:35'),(33,33,1,'distinctio',0,'2014-06-13 12:54:08'),(34,34,2,'expedita',24,'1983-02-10 19:40:55'),(35,35,3,'eum',0,'1981-04-18 12:41:42'),(36,36,4,'amet',68254901,'1995-10-04 12:13:29'),(37,37,1,'voluptatem',625397398,'2007-05-12 05:55:28'),(38,38,2,'exercitationem',9,'1974-08-19 22:58:18'),(39,39,3,'blanditiis',8909,'1976-10-27 05:19:16'),(40,40,4,'optio',33481,'1990-05-23 16:45:34'),(41,41,1,'quis',6641,'1989-01-23 07:22:03'),(42,42,2,'consequatur',657546,'2014-04-23 18:56:47'),(43,43,3,'sit',8,'2015-11-16 02:35:27'),(44,44,4,'quia',397404320,'1970-05-08 17:14:36'),(45,45,1,'quod',720,'2011-08-04 04:02:13'),(46,46,2,'voluptatem',5321,'2015-07-27 03:00:58'),(47,47,3,'harum',43909,'1999-05-13 14:59:58'),(48,48,4,'temporibus',9,'2003-06-30 21:07:02'),(49,49,1,'autem',200559,'1986-03-05 18:52:37'),(50,50,2,'molestiae',648652,'1981-03-09 11:13:32'),(51,51,3,'enim',7,'1981-02-13 18:01:22'),(52,52,4,'doloribus',1283,'1984-12-28 18:14:47'),(53,53,1,'animi',5545223,'2014-11-01 07:18:55'),(54,54,2,'aliquid',2231283,'2010-12-27 17:09:54'),(55,55,3,'accusantium',58231820,'1976-08-03 19:11:18'),(56,56,4,'et',245763,'1994-10-03 08:17:24'),(57,57,1,'molestias',72754,'1971-05-14 12:24:23'),(58,58,2,'debitis',62,'1978-07-11 10:03:45'),(59,59,3,'nisi',192,'1986-08-16 03:20:00'),(60,60,4,'voluptas',66439,'2006-03-03 15:50:30'),(61,61,1,'voluptas',886380939,'1984-01-23 20:02:23'),(62,62,2,'architecto',2026,'1988-11-10 12:58:21'),(63,63,3,'sunt',96,'2001-07-29 16:06:17'),(64,64,4,'est',93,'1987-08-20 10:46:39'),(65,65,1,'numquam',603595706,'1986-11-03 18:11:07'),(66,66,2,'laudantium',8860708,'1987-03-30 02:50:49'),(67,67,3,'quia',73,'2019-12-02 04:57:26'),(68,68,4,'autem',26457,'2000-04-16 04:31:19'),(69,69,1,'consequatur',69,'2019-04-20 05:15:20'),(70,70,2,'enim',270,'1998-02-24 20:31:08'),(71,71,3,'animi',67934,'2004-10-09 23:49:16'),(72,72,4,'distinctio',2,'2021-02-08 05:40:01'),(73,73,1,'laboriosam',78487,'2019-04-11 21:40:20'),(74,74,2,'illo',0,'2014-06-27 09:20:44'),(75,75,3,'perferendis',3383,'1972-07-27 01:23:55'),(76,76,4,'provident',0,'1979-10-03 14:50:27'),(77,77,1,'aut',26470,'1979-08-27 09:04:07'),(78,78,2,'est',208152,'1980-10-26 11:27:06'),(79,79,3,'aut',121472,'1998-12-03 19:55:20'),(80,80,4,'enim',62,'2014-04-16 16:18:28'),(81,81,1,'molestias',4,'1974-01-10 08:43:39'),(82,82,2,'aliquam',6719,'1997-05-23 08:20:47'),(83,83,3,'natus',336,'1998-03-18 07:57:33'),(84,84,4,'delectus',49488,'1981-09-11 11:17:07'),(85,85,1,'distinctio',254231948,'1973-12-01 20:03:51'),(86,86,2,'est',42,'2006-11-11 20:39:37'),(87,87,3,'optio',2435739,'1984-05-02 06:09:10'),(88,88,4,'odio',5049,'2003-09-15 20:46:14'),(89,89,1,'et',7676,'1973-08-27 10:29:12'),(90,90,2,'provident',6450213,'1999-04-19 19:03:48'),(91,91,3,'itaque',0,'1983-11-19 23:39:27'),(92,92,4,'eveniet',20,'1986-08-15 13:09:51'),(93,93,1,'expedita',59585,'2016-10-10 18:37:53'),(94,94,2,'dolor',6,'1977-12-20 03:32:47'),(95,95,3,'rem',0,'2014-04-14 16:27:52'),(96,96,4,'soluta',565695450,'1990-07-03 09:33:20'),(97,97,1,'dolore',1808,'2001-09-19 12:00:35'),(98,98,2,'quo',791697,'2003-05-19 20:38:44'),(99,99,3,'ut',0,'2018-04-28 01:55:11'),(100,100,4,'laboriosam',263121,'2016-11-30 05:15:50'),(101,1,1,'ut',9524,'1970-12-27 21:12:11'),(102,2,2,'illo',0,'2005-10-21 13:26:48'),(103,3,3,'ipsum',1827181,'1994-08-20 17:24:44'),(104,4,4,'sit',70894807,'1999-02-10 08:42:56'),(105,5,1,'hic',98,'1977-09-12 14:24:37'),(106,6,2,'quae',2030,'2012-05-18 14:53:24'),(107,7,3,'eveniet',3,'2015-02-14 18:28:20'),(108,8,4,'perferendis',7,'2011-05-27 02:28:43'),(109,9,1,'provident',4,'1981-09-22 16:21:43'),(110,10,2,'at',50213,'2013-02-12 18:10:45'),(111,11,3,'consequatur',856196,'2001-11-20 21:36:14'),(112,12,4,'voluptatem',0,'2020-06-23 16:45:48'),(113,13,1,'magnam',549649,'2016-04-08 05:02:21'),(114,14,2,'ipsum',8981122,'1996-03-28 07:42:10'),(115,15,3,'dolores',59272445,'1998-04-30 09:35:51'),(116,16,4,'tenetur',985439,'1980-11-19 14:31:01'),(117,17,1,'quod',80624,'2006-12-19 20:38:39'),(118,18,2,'quidem',97789,'1981-01-01 19:23:49'),(119,19,3,'eum',6,'2014-09-01 11:30:11'),(120,20,4,'natus',21937,'1974-06-26 00:41:03'),(121,21,1,'occaecati',0,'2016-05-06 23:50:26'),(122,22,2,'aut',303,'1994-08-18 14:47:24'),(123,23,3,'magni',277268007,'2000-03-02 04:45:09'),(124,24,4,'dolorum',77,'2004-02-11 09:53:19'),(125,25,1,'ea',11,'2017-03-29 17:57:44'),(126,26,2,'porro',9668701,'2020-05-05 14:50:26'),(127,27,3,'natus',35705119,'2013-11-30 20:08:45'),(128,28,4,'fugiat',573739159,'1995-04-20 01:23:49'),(129,29,1,'dolorem',44571535,'1994-12-19 01:15:01'),(130,30,2,'et',75624,'2014-06-13 13:03:04'),(131,31,3,'culpa',31057,'1989-04-24 00:02:09'),(132,32,4,'ea',0,'2005-06-05 18:51:39'),(133,33,1,'est',815692903,'1988-12-25 05:09:44'),(134,34,2,'impedit',110634020,'1971-09-09 12:09:25'),(135,35,3,'nisi',447,'1991-02-22 14:09:05'),(136,36,4,'rerum',811203,'1991-09-06 18:08:47'),(137,37,1,'laborum',747,'1973-03-31 05:49:25'),(138,38,2,'saepe',552274,'2009-11-09 12:07:42'),(139,39,3,'eius',90,'1993-11-02 22:33:25'),(140,40,4,'ipsam',537377,'1976-12-22 16:51:09'),(141,41,1,'tempore',9740059,'1992-10-14 23:32:57'),(142,42,2,'numquam',643,'2008-03-27 03:04:58'),(143,43,3,'eos',35761,'2002-07-24 18:26:44'),(144,44,4,'non',0,'1994-12-31 19:18:38'),(145,45,1,'aliquam',681920673,'2016-09-06 09:19:02'),(146,46,2,'tenetur',0,'1992-06-16 16:35:01'),(147,47,3,'est',970645,'2014-08-24 09:41:45'),(148,48,4,'saepe',0,'2000-09-27 20:14:44'),(149,49,1,'suscipit',599,'1971-05-07 05:29:12'),(150,50,2,'repellat',6025,'2006-04-15 14:30:57'),(151,51,3,'voluptatum',8920,'1994-03-24 00:30:11'),(152,52,4,'assumenda',5708899,'2013-10-25 21:35:16'),(153,53,1,'dolore',9835890,'1973-04-09 15:50:42'),(154,54,2,'aut',389243,'1994-12-19 22:35:36'),(155,55,3,'ut',0,'2004-06-10 11:33:50'),(156,56,4,'ut',7,'1988-05-25 13:54:18'),(157,57,1,'repellendus',33293500,'1988-06-21 11:29:21'),(158,58,2,'alias',15927,'1982-03-05 03:26:40'),(159,59,3,'doloribus',857,'1990-06-18 18:06:00'),(160,60,4,'laboriosam',0,'1971-08-06 02:17:07'),(161,61,1,'animi',242009,'2014-07-17 11:10:45'),(162,62,2,'ut',0,'2009-09-14 03:45:31'),(163,63,3,'dignissimos',821,'2016-04-01 11:30:17'),(164,64,4,'quia',87090649,'1996-06-14 00:54:17'),(165,65,1,'quasi',89672027,'1989-08-01 04:51:47'),(166,66,2,'perspiciatis',8546112,'2007-03-08 17:49:36'),(167,67,3,'reprehenderit',4950723,'1982-05-25 08:15:45'),(168,68,4,'provident',221578,'2012-04-30 05:35:57'),(169,69,1,'numquam',41028,'1983-07-15 12:15:12'),(170,70,2,'libero',9,'1970-01-12 15:50:09'),(171,71,3,'tempora',9,'1973-03-30 18:41:01'),(172,72,4,'et',4,'1999-01-28 09:02:02'),(173,73,1,'libero',289855706,'1979-12-06 11:41:15'),(174,74,2,'quia',2290520,'1996-09-06 06:36:12'),(175,75,3,'perferendis',62200300,'1995-09-26 09:28:22'),(176,76,4,'excepturi',41962,'1978-07-09 16:32:52'),(177,77,1,'velit',474,'2005-02-09 17:05:59'),(178,78,2,'eius',214599,'1981-04-26 09:02:16'),(179,79,3,'iure',292552,'2000-05-24 15:24:03'),(180,80,4,'pariatur',6010,'1988-04-18 04:36:39'),(181,81,1,'soluta',11,'2014-02-18 11:43:52'),(182,82,2,'reprehenderit',0,'1979-05-27 21:57:03'),(183,83,3,'repudiandae',954284112,'1984-03-27 05:19:44'),(184,84,4,'enim',97607353,'1973-08-07 07:51:41'),(185,85,1,'dolores',9,'2016-12-28 23:07:41'),(186,86,2,'quas',84726,'1984-11-12 03:48:25'),(187,87,3,'hic',7345770,'1989-12-31 09:29:46'),(188,88,4,'necessitatibus',70767988,'1988-08-06 00:29:04'),(189,89,1,'cum',95,'2009-06-22 08:50:34'),(190,90,2,'iste',8301,'2000-11-21 02:50:10'),(191,91,3,'dolores',5518362,'2004-03-14 03:47:20'),(192,92,4,'maxime',69930,'2012-10-07 04:48:40'),(193,93,1,'maxime',6673,'1975-08-27 09:06:55'),(194,94,2,'error',0,'1971-03-05 04:32:37'),(195,95,3,'est',2556,'1997-03-25 12:30:18'),(196,96,4,'qui',27330385,'1994-11-16 17:20:49'),(197,97,1,'qui',465,'1999-07-27 20:45:57'),(198,98,2,'ad',928,'2013-10-26 05:25:18'),(199,99,3,'quaerat',483089,'2013-08-13 00:09:18'),(200,100,4,'placeat',21340854,'2001-06-14 12:06:36');
/*!40000 ALTER TABLE `media` ENABLE KEYS */;
UNLOCK TABLES;

--
-- Table structure for table `media_types`
--

DROP TABLE IF EXISTS `media_types`;
/*!40101 SET @saved_cs_client     = @@character_set_client */;
/*!40101 SET character_set_client = utf8 */;
CREATE TABLE `media_types` (
  `id` int(10) unsigned NOT NULL AUTO_INCREMENT,
  `name` varchar(45) COLLATE utf8mb4_unicode_ci NOT NULL,
  PRIMARY KEY (`id`),
  UNIQUE KEY `name` (`name`)
) ENGINE=InnoDB AUTO_INCREMENT=5 DEFAULT CHARSET=utf8mb4 COLLATE=utf8mb4_unicode_ci;
/*!40101 SET character_set_client = @saved_cs_client */;

--
-- Dumping data for table `media_types`
--

LOCK TABLES `media_types` WRITE;
/*!40000 ALTER TABLE `media_types` DISABLE KEYS */;
INSERT INTO `media_types` VALUES (4,'at'),(1,'eius'),(3,'et'),(2,'quibusdam');
/*!40000 ALTER TABLE `media_types` ENABLE KEYS */;
UNLOCK TABLES;

--
-- Table structure for table `messages`
--

DROP TABLE IF EXISTS `messages`;
/*!40101 SET @saved_cs_client     = @@character_set_client */;
/*!40101 SET character_set_client = utf8 */;
CREATE TABLE `messages` (
  `id` bigint(20) unsigned NOT NULL AUTO_INCREMENT,
  `from_user_id` bigint(20) unsigned NOT NULL,
  `to_user_id` bigint(20) unsigned NOT NULL,
  `txt` text COLLATE utf8mb4_unicode_ci NOT NULL,
  `is_delivered` tinyint(1) DEFAULT 0,
  `created_at` datetime NOT NULL DEFAULT current_timestamp(),
  `updated_at` datetime DEFAULT NULL ON UPDATE current_timestamp(),
  PRIMARY KEY (`id`),
  KEY `fk_messages_from_user_idx` (`from_user_id`),
  KEY `fk_messages_to_user_idx` (`to_user_id`),
  CONSTRAINT `fk_messages_users_1` FOREIGN KEY (`from_user_id`) REFERENCES `users` (`id`),
  CONSTRAINT `fk_messages_users_2` FOREIGN KEY (`to_user_id`) REFERENCES `users` (`id`)
) ENGINE=InnoDB AUTO_INCREMENT=201 DEFAULT CHARSET=utf8mb4 COLLATE=utf8mb4_unicode_ci;
/*!40101 SET character_set_client = @saved_cs_client */;

--
-- Dumping data for table `messages`
--

LOCK TABLES `messages` WRITE;
/*!40000 ALTER TABLE `messages` DISABLE KEYS */;
INSERT INTO `messages` VALUES (1,1,1,'Occaecati omnis cumque odio enim. Dicta nam nihil aut dicta. Cumque laborum corporis laborum modi officiis.',0,'1973-07-21 14:59:44','1976-10-26 08:18:12'),(2,2,2,'Aliquid quia molestias perspiciatis harum. Sit rerum nihil aspernatur et explicabo ipsum est qui. Aut et ipsam molestias recusandae. At velit ipsa et fuga minus. Ut omnis dolor in neque.',0,'1987-01-11 08:03:34','1977-05-14 02:58:33'),(3,3,3,'Distinctio aut fugit deserunt. Libero eum necessitatibus provident aut enim voluptatem quasi dolorem. Qui omnis nisi voluptatum.',0,'2002-06-11 19:16:38','1992-01-20 07:30:27'),(4,4,4,'Atque et blanditiis qui accusamus. Sit est minus pariatur accusamus. Dolores et exercitationem porro quia cum. In dolorum nemo dolores eum vel et voluptas.',1,'1980-04-13 13:29:39','1980-05-12 06:18:41'),(5,5,5,'Et odio non reprehenderit est vel. Asperiores ex optio iste omnis consequatur eveniet voluptas. Dolorem incidunt quo dolores. Perferendis ratione suscipit et vel.',1,'1986-05-24 08:47:35','2000-08-03 21:02:52'),(6,6,6,'Assumenda non eius corrupti ea aut perferendis. Assumenda cum tenetur eum minus ad consequatur. Eveniet sit qui et ipsam et. Reprehenderit odio et molestiae tenetur vitae velit incidunt.',0,'1983-05-10 02:28:18','1977-03-30 06:17:31'),(7,7,7,'Tempore officiis aut beatae in. Rem suscipit esse voluptas ut sit ad.',1,'1987-01-18 18:56:51','1994-08-29 04:26:47'),(8,8,8,'Est aut eos saepe. Excepturi enim id in aut qui nemo qui doloremque. Aut nisi laborum omnis quos qui.',1,'1991-07-10 23:33:54','2003-09-15 09:58:39'),(9,9,9,'A dolor delectus ut. Sint deleniti et voluptatibus omnis quis perspiciatis. Sint et non sequi nihil ab aliquam. Alias omnis eum itaque magnam enim a dolores est.',0,'1996-07-31 14:45:20','1985-01-02 14:51:38'),(10,10,10,'Rem aspernatur hic reprehenderit iure aliquid et. Autem consectetur fuga ut aut. Sint velit fugit debitis itaque natus incidunt.',1,'1978-07-26 08:15:41','1979-04-13 18:00:53'),(11,11,11,'Nihil qui ea dolores a tempore perferendis aspernatur. Necessitatibus qui expedita dolores nihil. Nihil magnam odit vero quas qui nihil aperiam qui.',1,'1993-07-23 07:53:57','2012-06-11 14:51:12'),(12,12,12,'In et et iusto velit perspiciatis. Ea animi hic quod hic. Ut aut beatae assumenda pariatur adipisci officia. Consequuntur quibusdam ad et at totam ut.',1,'1991-08-14 19:43:00','1991-07-19 10:47:31'),(13,13,13,'Tempore doloremque commodi autem amet totam rerum sunt. Cupiditate quis ea molestiae rerum ad.',0,'2012-02-18 20:42:39','1974-02-17 01:57:45'),(14,14,14,'Sint corporis eum quo ut voluptatem minus. Explicabo iure est id quis cumque. Odit facilis ea ullam explicabo at saepe. Ratione non nam quibusdam sed facilis deserunt.',0,'2003-10-25 10:44:42','2012-05-15 12:07:48'),(15,15,15,'Fugiat veritatis et recusandae tenetur. At similique quidem laboriosam ab consectetur aliquid. Unde nihil eos eius illo fugiat nobis eveniet.',1,'1985-11-13 12:52:01','1989-11-07 17:23:39'),(16,16,16,'Eos tempore et nihil exercitationem aut. Suscipit nostrum eos earum dicta qui. Perferendis libero animi numquam. Officia rerum quia molestiae vero qui debitis expedita.',1,'1993-06-27 16:02:17','2011-01-21 07:11:01'),(17,17,17,'Quis libero pariatur aperiam eaque corrupti. Autem dolores aut rerum repudiandae fuga ex tempora quam. Nemo voluptatum et veritatis soluta accusantium eaque id.',1,'2015-04-11 00:41:09','2015-07-30 06:36:49'),(18,18,18,'Corrupti tenetur aspernatur nostrum odit est. Cupiditate laudantium aut vel.',0,'2017-09-12 18:10:20','2010-06-11 21:35:55'),(19,19,19,'Et quisquam aut est est. A esse vel atque nobis. Illo iste pariatur et aut.',0,'1975-08-16 16:21:19','1997-06-26 09:02:12'),(20,20,20,'Soluta molestiae distinctio et suscipit possimus occaecati voluptatum sit. Distinctio eum amet molestiae suscipit autem corrupti ipsum corporis. Odit aliquid ut aut quaerat nulla voluptas.',1,'2003-01-10 06:00:00','2019-05-05 04:37:16'),(21,21,21,'Omnis qui quia ducimus sint omnis natus fugit. Quae modi quia animi magnam.',0,'2001-04-01 11:10:24','1995-10-16 02:43:59'),(22,22,22,'Sunt accusamus non repellendus enim autem quis nihil consequatur. Voluptate ut officia suscipit. Quis molestiae et error tempora veniam.',1,'1983-04-05 10:15:50','1996-12-02 20:51:48'),(23,23,23,'Quia qui consequuntur est nisi amet omnis. Est expedita exercitationem dolor. Nam et et sapiente dolorem incidunt excepturi quam.',1,'1974-03-15 06:46:46','1989-01-31 17:10:04'),(24,24,24,'Voluptatibus voluptatibus ut nihil temporibus nisi pariatur. Animi quod deserunt aut. Ullam est pariatur voluptatem.',0,'1995-08-19 14:03:15','2016-09-25 15:31:41'),(25,25,25,'Et iure eos placeat. Quidem ipsam repudiandae cumque. Ipsam ut et ducimus consequatur exercitationem corrupti et. Ut architecto aliquam qui ut.',1,'1987-12-05 06:06:44','2011-05-16 12:42:55'),(26,26,26,'Dolores non unde quaerat corrupti. Unde voluptatibus quaerat dolorem et nostrum. Cumque cumque eos qui eum qui. Eum magni cumque quibusdam.',1,'2017-11-26 02:25:15','2003-04-22 14:02:44'),(27,27,27,'Ut ut in vel autem vel qui. In consequatur nobis id facilis consequatur. Dolor non fugit exercitationem necessitatibus libero hic nostrum qui.',1,'1999-09-30 06:07:29','1977-04-10 13:11:47'),(28,28,28,'Quos et natus sit facere. Quia illo nesciunt blanditiis officiis et ut. Sequi sapiente dolore repellendus dicta veniam est mollitia. Laboriosam dolorum rerum ullam reprehenderit blanditiis odit.',1,'1975-10-10 09:58:08','1999-02-22 09:17:58'),(29,29,29,'Impedit non ex temporibus distinctio libero. Ipsum a impedit blanditiis ut. Et voluptas doloribus dolorem facere est dolor quos. Quisquam alias rerum asperiores.',1,'1982-05-25 19:07:57','2006-12-17 03:57:30'),(30,30,30,'Et asperiores vel magnam est qui et odit. Consequatur necessitatibus aut in. Consequatur quam corporis aliquid maxime harum. Sed est deleniti illum culpa.',1,'2008-05-23 16:49:40','2013-07-19 08:50:00'),(31,31,31,'Qui dolorum blanditiis quod tempora molestiae necessitatibus veniam. Enim voluptas laboriosam nisi quam quo quaerat nisi. Facilis cum sunt eligendi pariatur ut odio.',1,'1970-02-05 17:45:51','1998-11-30 06:35:24'),(32,32,32,'Quis iure eveniet similique iusto. Rem reprehenderit et ex quisquam soluta. Ea et quia consequatur ut.',0,'2014-02-17 04:23:07','1972-02-10 13:53:38'),(33,33,33,'Voluptatibus ut incidunt fugit sapiente in. Dicta enim distinctio omnis autem velit quidem.',1,'2009-04-30 15:07:09','2018-08-09 00:54:11'),(34,34,34,'Ea itaque eligendi dolorem et. Eveniet ipsa laudantium voluptatem qui. Ex hic fugit illo consequatur. Autem necessitatibus libero et consequatur consequatur molestiae aut.',1,'1995-12-14 18:41:34','2003-08-24 15:22:34'),(35,35,35,'Quia delectus ut et autem magnam voluptate ipsum. Dignissimos in maxime non sit. Rerum nostrum voluptates adipisci labore ducimus nihil. Ipsum voluptatum voluptatem temporibus est mollitia.',1,'1985-01-21 12:54:19','1987-11-19 06:13:44'),(36,36,36,'Doloremque aperiam veniam eos voluptas aperiam eum. Soluta itaque eum beatae. Neque deserunt dolorem similique delectus id aliquam ut at.',0,'1994-02-04 03:00:25','1978-04-19 08:35:37'),(37,37,37,'Vel nostrum excepturi rerum natus. Exercitationem voluptate sunt omnis itaque quae ipsam et. Perspiciatis ut rem deserunt neque minus.',1,'1989-12-09 16:55:37','1971-11-15 17:25:24'),(38,38,38,'Eos quia ipsam aut fugiat. Est soluta corrupti sint iusto numquam vitae. Et est nobis quod minus totam eum consequuntur. Dolores repellendus iste quia eos maiores voluptatem.',0,'2012-05-21 16:59:36','2011-10-09 07:52:16'),(39,39,39,'A eos omnis doloribus magni est voluptatem est. Molestias ut necessitatibus vero et ipsum. Corporis eaque molestiae expedita expedita quo et dignissimos. Quia sint est ipsum velit sit.',0,'2015-01-22 01:46:22','2011-12-27 11:44:28'),(40,40,40,'Consectetur sunt illum accusamus rem facilis. Et quibusdam molestiae a ex. Quo qui quaerat id qui in neque.',0,'2006-07-10 14:17:11','1980-05-26 20:46:39'),(41,41,41,'Iste rerum consequatur quia recusandae quod iure. Et culpa nostrum magnam quia natus.',0,'1975-04-23 07:54:50','2018-10-12 05:50:31'),(42,42,42,'Cupiditate alias autem quisquam perferendis. Ipsa minus porro quos atque dignissimos dolores. Ea rerum tempore dolor dolor ducimus. Quas quo sint quasi numquam rem.',1,'2004-10-27 08:27:08','1990-02-10 08:31:30'),(43,43,43,'Autem doloribus labore placeat autem voluptatem exercitationem. Illum adipisci blanditiis perspiciatis cupiditate. Eius in minus nisi et eum et est.',1,'1979-04-25 16:09:27','2003-01-16 00:56:16'),(44,44,44,'Soluta est aspernatur dolores. Placeat ex accusamus quo in. Dolores repellat neque quasi incidunt minima asperiores eligendi. Nostrum eius porro totam cupiditate ullam.',0,'2018-09-11 13:13:32','2010-07-30 20:57:19'),(45,45,45,'Vitae rerum aspernatur pariatur dolorem quisquam non quisquam vel. Illo perspiciatis debitis nobis nam. Deserunt consequuntur mollitia quia neque.',1,'1983-08-30 19:44:00','1981-07-09 01:19:25'),(46,46,46,'Atque corporis voluptates quia minus et repellat veritatis et. Officia sunt est at. Sint et sit eum expedita.',0,'2002-02-28 20:44:46','1981-07-08 01:05:54'),(47,47,47,'Quia laboriosam inventore praesentium. Sequi incidunt in ut. Inventore odit ut omnis quas. Sint odio molestiae est et earum pariatur.',0,'2009-09-10 16:39:43','2003-08-18 16:01:58'),(48,48,48,'Occaecati dolorum neque dolores omnis qui est ea cum. Aut dolorem ut rerum delectus aliquam ex. Quos minima sit illo ipsum. Non est dolores qui minima eaque consequatur voluptate.',0,'1991-04-14 15:28:22','1996-08-24 01:53:26'),(49,49,49,'Ipsa qui excepturi consequatur eum. Rerum officia et non tenetur error deleniti. Inventore quia labore et consequuntur ut necessitatibus dolores.',1,'2010-12-06 07:41:31','1997-09-09 01:37:25'),(50,50,50,'Eum omnis nam aut sed a est aut. Nemo accusamus consequatur et incidunt aliquam ducimus. Dolore iste adipisci minima. Dolores omnis dolore fuga praesentium.',1,'2008-11-25 19:22:19','1985-04-04 06:59:58'),(51,51,51,'Nemo aliquam odit molestiae est et iste architecto. Excepturi omnis vero at. Porro repellat tempora a eos odio facilis odit. Id quae deleniti dolor harum fugit.',0,'1997-09-18 14:37:07','2018-03-27 05:52:30'),(52,52,52,'Maiores nulla dolores quia. Repudiandae ut in omnis praesentium ullam. Voluptates iste exercitationem et praesentium tenetur quis. Dolor voluptatum maxime in quos autem totam dignissimos.',1,'1972-09-23 03:39:40','2019-05-26 09:05:26'),(53,53,53,'Voluptas impedit et est et. Fugiat est nemo voluptatum ad. Aut neque quo eum est accusantium praesentium. Qui sed animi consequuntur vero.',0,'1982-07-10 23:51:39','2010-06-19 18:14:01'),(54,54,54,'Neque nulla maxime doloremque numquam sunt. Non et laudantium qui sint. Excepturi optio ut assumenda aut assumenda et. Quam voluptas quo ut autem.',1,'2001-08-11 13:19:32','1981-01-21 21:51:50'),(55,55,55,'Earum fugit amet ut et et. Dignissimos sunt autem officia cumque minus. Delectus consequatur sint saepe consequuntur et dolor. Rerum possimus maxime odit architecto.',1,'1986-07-21 09:32:53','1976-05-18 23:33:49'),(56,56,56,'Ducimus enim ratione voluptas sint voluptatem. Culpa quae corrupti omnis necessitatibus eaque. Neque sit aut dolor quidem dolores consequatur facere aspernatur.',0,'1985-12-30 06:06:23','1977-07-08 16:07:31'),(57,57,57,'Non omnis suscipit omnis. Occaecati vel fuga error provident autem atque ab. Alias dolor facilis expedita enim odit. Magnam vitae facere est quas fuga.',1,'1997-11-03 23:07:57','1989-07-29 14:33:03'),(58,58,58,'Officiis deserunt dolorum sed ea voluptas velit. Fugit quo quia sunt illo. Eveniet maxime temporibus sit alias.',0,'1974-10-25 16:08:15','2016-12-26 18:47:46'),(59,59,59,'Quia veritatis eos exercitationem. Qui eveniet quidem consequatur error. Molestiae illum aut ipsa magni. Aliquid quod voluptates ut soluta velit amet porro.',0,'1993-12-04 13:50:21','1992-05-04 13:19:39'),(60,60,60,'At vitae consequuntur aut iure voluptatem assumenda ut velit. Et molestiae facilis quasi voluptatem id fugit aliquid numquam. Molestiae temporibus dolores aut sit facilis vero quisquam.',0,'1984-04-03 08:47:05','1995-08-10 12:44:47'),(61,61,61,'Sunt quae mollitia ullam quia reprehenderit. Sint ipsum et est dolorum. Ex recusandae omnis et facere ratione et autem.',0,'1992-02-17 03:46:30','2013-05-29 21:39:56'),(62,62,62,'Quidem omnis est animi qui est. Odio voluptate nisi voluptas et. Numquam fugiat dignissimos porro qui.',1,'1972-06-23 17:33:37','1985-07-30 07:57:49'),(63,63,63,'Ut eaque sed iure velit dignissimos nesciunt voluptatem. Optio consequatur vel illo fugiat magnam incidunt. Iste maxime nihil quam totam et.',1,'1976-04-21 04:23:36','2017-05-05 21:43:57'),(64,64,64,'Labore nemo iusto est qui provident. Amet nostrum tenetur laudantium aut. Voluptatem iste nam non officia nostrum quia dolorem.',1,'1984-07-01 22:52:59','1999-12-01 01:33:52'),(65,65,65,'Dignissimos ratione iste voluptatem accusantium voluptas odio. Saepe id id laudantium. Fugiat minus perferendis ipsam dolore quo.',1,'2017-08-13 22:36:45','1975-12-07 20:44:24'),(66,66,66,'Hic fuga suscipit aut. In est iusto dolores aperiam recusandae doloremque quis. Quisquam autem eius assumenda omnis consequuntur quisquam itaque sed.',1,'2016-07-04 08:58:34','1996-07-12 01:45:46'),(67,67,67,'Voluptatem aliquid sapiente a itaque et occaecati. Facilis repellat ad ut autem architecto. Non ex et quae tenetur dolores ut.',1,'2015-02-05 05:27:32','1996-01-21 14:06:34'),(68,68,68,'Delectus doloremque ea excepturi ducimus alias aut voluptatem consequatur. Est ea consequatur vel. Sint cum similique iusto minima dolores similique est.',0,'1996-04-15 12:33:03','1978-03-11 20:10:09'),(69,69,69,'Cumque id quia blanditiis quod sed tempore. Sequi dolor ratione esse possimus deserunt ullam reiciendis. Qui rerum est eaque itaque dolorem.',1,'1993-01-13 23:45:14','1970-08-14 08:05:32'),(70,70,70,'Est esse quisquam aut blanditiis dolor at. Nostrum expedita illum voluptas. Sunt deleniti perspiciatis provident autem illo eveniet autem.',0,'1974-05-03 09:18:58','1992-10-10 15:38:13'),(71,71,71,'Voluptatem quidem saepe quia quaerat debitis nesciunt. Qui voluptatem quia hic. Quia nostrum et enim iure.',1,'1972-12-31 11:58:54','1970-06-20 06:13:17'),(72,72,72,'Eum itaque ut et perspiciatis cum quasi. Magni aliquam vero nesciunt corrupti blanditiis velit. Facere praesentium nisi nihil quas repellendus molestiae.',1,'1976-12-29 21:38:13','1982-01-04 22:47:17'),(73,73,73,'Sit at culpa sit. Voluptas voluptatem et laudantium quis occaecati. Iusto accusamus facilis nostrum neque quas dolorum.',0,'1971-11-22 09:40:25','2017-11-30 13:41:41'),(74,74,74,'Maiores quo numquam repudiandae ratione possimus. Sit rerum possimus voluptatibus similique molestiae incidunt quasi. Ipsam ad voluptatibus magnam inventore.',0,'1999-08-31 09:48:01','1993-07-27 06:46:57'),(75,75,75,'Ut nam libero qui officia. Similique adipisci veniam voluptas. Provident sint aut tempora cupiditate et aut quibusdam. Ut et doloribus excepturi quas. Qui dolore ea ipsum aut minima delectus aut.',0,'1985-08-08 20:55:17','1988-12-17 13:40:42'),(76,76,76,'Sed voluptates rerum aspernatur vero. Doloremque mollitia ab at temporibus. Velit sit optio esse in molestiae nam voluptatibus.',0,'1987-08-25 18:12:11','2012-05-24 05:14:18'),(77,77,77,'Ea deserunt qui sint ea ad est laudantium. Fugiat sed enim eos error nam. Culpa et eligendi nostrum tenetur sapiente sed sit nisi. Eum eaque sint nemo aperiam voluptatem quia expedita.',0,'2011-03-30 20:40:39','1986-12-04 12:42:33'),(78,78,78,'Natus ut nemo expedita molestiae rerum impedit. Provident perferendis molestias sunt veniam tempore. Facere atque mollitia distinctio eum corporis a.',0,'1991-01-20 15:07:16','1996-01-09 19:37:28'),(79,79,79,'Sit commodi nihil sint aliquid sed nihil. Perspiciatis asperiores voluptas numquam praesentium ducimus ipsa nisi. Et maxime omnis unde sed non aut sunt.',0,'2020-03-28 05:32:35','1990-06-21 23:21:31'),(80,80,80,'Repellendus et tempora officiis vitae accusamus deleniti. Minus possimus qui quibusdam facere. Maxime doloribus quisquam eos facilis corporis dolor. Voluptatem aut rem iste qui aut.',0,'2008-07-29 23:54:08','2018-03-07 18:39:23'),(81,81,81,'Perspiciatis illo ratione rerum sed fugiat. Autem debitis dolores tempora id nesciunt.',1,'2018-08-05 04:12:30','1985-04-06 03:28:08'),(82,82,82,'Dicta reprehenderit occaecati aspernatur aspernatur quia. Asperiores non eum nihil excepturi ut. Distinctio fugit et at sit consequatur aut.',1,'1988-07-12 00:40:02','2000-09-08 13:54:03'),(83,83,83,'Quisquam reiciendis incidunt maiores harum nam autem ut. Voluptatem doloribus quod blanditiis eius velit ut sit. Nostrum molestias et labore cum veritatis totam.',1,'2009-11-02 06:13:04','2003-01-26 21:35:26'),(84,84,84,'Eius consequuntur recusandae velit eius rerum cum. Ipsam non porro non culpa architecto. Ut repellat sit deserunt dolorem saepe quia vel blanditiis.',0,'2020-05-21 21:57:46','1977-05-09 13:14:46'),(85,85,85,'Aut qui repellat officia ea. Eius quo voluptates iure minus nesciunt eos. Ad recusandae repellat temporibus aut quidem quis. Dolorem sapiente est mollitia nihil saepe.',0,'2001-12-26 12:24:04','2011-07-30 20:03:05'),(86,86,86,'Voluptatem hic odio debitis est recusandae. Id nihil earum sapiente impedit impedit. Reiciendis natus eum ipsam eum dolor. Vel atque odit nesciunt animi repudiandae.',0,'2015-01-17 12:14:20','1983-02-02 13:10:38'),(87,87,87,'Provident quo aut quidem sit nisi blanditiis corporis. Quis sit ut suscipit eum qui ipsum. Molestiae aut expedita aut dolor. Laudantium error natus error et est.',0,'1993-09-20 11:14:19','1988-01-05 02:25:10'),(88,88,88,'Quibusdam quia dolores iusto quaerat quidem. Molestiae est autem esse et et. Totam accusantium qui nesciunt quia veniam. Quod et ad laudantium iste est.',1,'2014-10-01 12:14:47','1978-03-23 06:59:58'),(89,89,89,'Commodi autem mollitia enim. Corrupti ea minus quia veniam. Quisquam fuga non cumque saepe.',0,'1990-08-17 05:36:34','1987-04-11 03:27:18'),(90,90,90,'Doloremque eum eaque delectus eum ratione. In debitis quidem vel velit quo impedit exercitationem exercitationem. A sunt hic voluptatum ea veritatis nihil et.',0,'1977-05-26 20:34:10','1980-01-19 16:44:16'),(91,91,91,'Dolores fugit culpa minus consequatur illo. Similique officia deleniti cupiditate eos fugiat sit est vel. Quos voluptatum et eligendi quia aut.',1,'2009-07-21 13:02:09','1980-07-30 01:41:10'),(92,92,92,'Eligendi aliquam dolorem itaque et. Debitis consequatur ut ut nulla ea eos asperiores. Esse blanditiis omnis aut numquam. Ipsum et repudiandae est nulla.',0,'1993-12-05 01:30:36','1991-10-18 20:04:24'),(93,93,93,'Repudiandae voluptas et omnis dolores. Rerum amet est quas maiores odit hic est. Non qui sed aut praesentium unde debitis aut voluptatem.',1,'1976-05-08 23:54:26','2002-03-23 23:05:21'),(94,94,94,'Dolore sapiente maiores quia iusto. Temporibus dolorem in totam est eos. Aliquam eos laboriosam omnis accusamus ut temporibus.',0,'1987-12-23 01:36:40','1992-09-01 19:36:41'),(95,95,95,'Aliquid consequatur voluptas laboriosam voluptatem. In unde dolor earum eius commodi omnis. Voluptas maiores pariatur nam qui beatae. Nobis natus et qui aut magni saepe qui.',1,'1996-06-11 05:13:41','1977-03-07 15:52:06'),(96,96,96,'Praesentium nihil et voluptas. Dicta odit sed eaque repellat aliquid aut ut quia. Voluptate sint perspiciatis voluptas non rerum fuga.',0,'1994-09-09 05:03:47','2001-01-11 13:18:26'),(97,97,97,'Maiores qui et in ducimus nobis vitae. Hic nulla dolores quia quaerat assumenda quis. Animi delectus iure corporis. Aut dolorum eligendi aut eum.',0,'2006-09-20 15:18:22','2019-10-05 07:05:43'),(98,98,98,'Voluptatum perspiciatis sed molestiae nihil id rerum. Illo commodi perspiciatis culpa. Quia voluptatem est illo ratione et. Sint quas totam quod. Iure perspiciatis molestiae porro.',1,'1983-07-21 12:05:20','2011-04-19 02:26:20'),(99,99,99,'Odit reiciendis dolores doloremque qui quidem sit harum. Consequatur minus corporis consectetur quia est vel. Aliquam quasi ea exercitationem sit ut facilis. Est ea est recusandae ab.',0,'1972-02-08 12:24:13','2003-04-26 19:52:51'),(100,100,100,'Et neque aperiam consequatur voluptatibus esse quibusdam libero. Eaque cumque alias a perspiciatis rerum. Quis et expedita et.',1,'1972-02-20 22:49:52','1970-08-07 03:41:56'),(101,1,1,'Qui inventore quis ea tempore qui pariatur. Rerum aut iste enim ut repudiandae asperiores beatae quae. Reiciendis sunt praesentium et debitis ullam expedita. Amet quis eum nihil.',1,'1970-12-30 03:14:42','2006-11-12 15:32:58'),(102,2,2,'Quo aut hic velit enim. Eum asperiores eos qui amet. Sunt quos odit odit repudiandae sit autem. Dolor at accusantium quia sunt assumenda.',0,'1994-03-31 11:55:51','1999-06-20 13:16:22'),(103,3,3,'Quia consequuntur iure facilis. Rerum rerum impedit aliquam et libero itaque. Animi dolore nulla voluptate dolores. Consequatur est aut nostrum saepe et ea quo.',1,'1991-11-13 05:15:08','2010-12-10 16:10:01'),(104,4,4,'Optio consequatur nulla autem consequuntur velit modi laudantium. Provident unde deserunt et ut qui et ipsa. Vel ea consequatur et et non sint in.',0,'1976-05-05 17:19:55','1971-04-21 21:33:20'),(105,5,5,'Nisi deserunt sunt aliquam autem dolorum molestias vel. Exercitationem ipsum quo aliquid eligendi quia. Ullam eos sed dolor et veritatis.',1,'1970-10-26 09:11:17','1988-08-14 14:13:33'),(106,6,6,'Autem consequatur sit et vitae dolor earum. Nam consequuntur doloribus laboriosam dolorem error. Fuga cupiditate rerum vel non asperiores.',1,'1991-03-07 10:15:26','2004-01-21 21:51:02'),(107,7,7,'Non reprehenderit delectus sint perferendis. Vel est qui dolores ipsum harum quisquam. Sapiente accusamus assumenda et ea.',0,'2017-12-08 00:22:01','1991-02-15 12:21:22'),(108,8,8,'Non sit sit aut tempora dolorem commodi accusantium. Tempora dolores nihil eos. Et hic velit et sint. Ea eius ea quas ipsum eos harum molestias.',0,'2020-07-26 16:21:49','1971-02-25 00:07:43'),(109,9,9,'Nobis distinctio autem natus recusandae deserunt ea vel quod. Quis culpa autem non debitis sint est nobis enim.',1,'2014-05-10 06:47:02','2000-06-29 14:28:31'),(110,10,10,'Ab sed molestias dolorem minima omnis praesentium accusamus distinctio. Veritatis facilis animi et sit distinctio eos. Molestiae voluptatem ipsa eius quam quisquam ad in in.',0,'2005-12-30 19:41:46','2008-11-03 14:46:29'),(111,11,11,'Atque porro maxime voluptatem rem dolorum facere. Nulla temporibus explicabo ea id voluptates consequatur quis sint. Possimus et optio veritatis. Recusandae molestias voluptatem laboriosam qui.',0,'1990-02-27 02:41:13','2001-03-04 04:05:19'),(112,12,12,'Beatae rerum praesentium vel. Molestias illo numquam dolore beatae. Molestiae et commodi et eligendi. Omnis beatae quibusdam quae ut excepturi dignissimos.',1,'1994-07-14 17:35:21','1978-06-26 19:28:12'),(113,13,13,'Minus facere vel dolor officia. Explicabo voluptatem quidem rem id quis molestiae veritatis ut. Saepe quisquam occaecati et veritatis non tempore necessitatibus.',0,'1993-05-12 10:49:35','1980-01-19 05:04:34'),(114,14,14,'Cum rem minus magnam iusto. Expedita illo sed ex fugiat. Quasi non quia animi. Cupiditate iste natus enim dolorem quo sit hic. Dolorem in iure earum cupiditate ullam ut.',0,'1997-05-15 08:54:44','1998-06-19 17:37:52'),(115,15,15,'Non inventore laborum explicabo deserunt qui. Commodi a sapiente omnis ut facere aliquid. Expedita voluptas officia et a nemo.',1,'2008-01-14 21:00:30','1985-08-31 18:34:41'),(116,16,16,'Neque delectus voluptates aliquam aut eius sit. Eius ex et qui a. Quod dolor et ut rerum ducimus. Nihil sint ipsum dolores nihil corporis ab.',1,'1977-04-30 09:08:17','1977-08-17 02:55:44'),(117,17,17,'Magni repellendus quas optio rerum. Culpa reprehenderit nulla in distinctio a vitae eligendi. Nam autem deserunt est aut aut molestias. Et sit est et accusamus suscipit quidem quibusdam.',0,'1982-05-01 04:24:19','1992-03-04 10:29:35'),(118,18,18,'Qui deleniti error beatae omnis aut adipisci. Sint earum voluptas non minima temporibus ad aut. Aperiam voluptas quo eum amet doloribus aliquam.',1,'1991-01-10 11:13:14','2005-12-20 15:12:24'),(119,19,19,'Et ut totam dicta perferendis. Quisquam cupiditate temporibus nisi alias ut placeat. Dolores sed voluptatem et quae amet dolorem. Ut vel consequatur voluptates accusamus dolorum.',1,'2011-11-02 15:42:28','1985-12-13 20:45:13'),(120,20,20,'Dolor soluta ipsa enim quos dolores. Doloremque voluptas hic ut. Non exercitationem dolorem sit ab suscipit. Quisquam omnis dolor unde necessitatibus quia.',0,'1985-03-31 14:07:31','2012-08-14 15:37:59'),(121,21,21,'Est sit vel perspiciatis minus et. Beatae maxime delectus exercitationem quia quisquam. Corporis cupiditate qui dolorum et consectetur et. Dolor optio odit animi modi.',1,'2010-06-17 09:19:50','1976-11-30 14:59:25'),(122,22,22,'Harum ut sint maiores non aliquid. Amet aut aut nesciunt. Est libero odit quidem iste dolorem. Inventore quae modi et ipsum sed. Praesentium similique qui pariatur est.',1,'2016-02-06 18:57:51','1991-05-14 08:30:06'),(123,23,23,'Officia molestiae doloribus natus quos. Neque tenetur sequi deserunt est qui voluptatum.',0,'2009-05-30 02:10:00','1981-03-28 15:49:42'),(124,24,24,'Incidunt aut repellendus iure quo error nulla. Delectus atque ut omnis quis dolor architecto non.\nPossimus fuga officia vero. Totam cupiditate dolores sed voluptatum mollitia et consequatur.',1,'1980-01-25 05:54:30','2015-07-09 18:46:42'),(125,25,25,'Id labore minus facere aliquam ut dolor laborum itaque. Atque omnis ducimus accusamus consequatur.',1,'1975-06-23 20:29:37','2014-09-13 14:34:42'),(126,26,26,'Ad quo facilis cum repudiandae et corporis odit illum. Similique et in soluta porro voluptatum velit accusantium. Sapiente quod vitae dolorem sunt excepturi recusandae qui.',1,'1989-07-01 15:41:05','2005-10-23 23:57:51'),(127,27,27,'Impedit rerum culpa aut aliquid. Rerum iste aut assumenda. Aliquid quo qui sit doloremque.',1,'1978-05-25 03:48:47','2008-12-05 16:32:02'),(128,28,28,'Deserunt sit debitis sunt. Reiciendis sint sit nam ipsam odit. Ipsum unde est distinctio dolor cupiditate.\nExercitationem impedit quis quos qui aut et quo nihil. Eius dolores et non omnis magnam.',1,'1998-02-22 21:10:41','2012-02-24 17:12:34'),(129,29,29,'Aliquam cupiditate aut voluptatem nisi quae. Beatae necessitatibus distinctio veritatis hic cum fugit. Dolor libero autem cumque amet dicta in. Placeat et est sint unde voluptates magnam id.',0,'1992-12-27 00:41:05','2013-06-21 10:33:11'),(130,30,30,'Odio omnis aspernatur nostrum maiores. Iusto ab eos aut quibusdam tempore non.',1,'2019-05-10 00:06:35','1984-10-02 04:18:17'),(131,31,31,'Ab nihil architecto culpa amet sapiente minus. Ea suscipit vel odio impedit nobis omnis sit. Mollitia autem maxime quae consectetur.',0,'1995-09-25 08:08:05','2015-09-02 13:23:54'),(132,32,32,'Ut ab asperiores aut sed ipsa facilis. Magni atque velit sit maiores praesentium. Quia enim dignissimos cumque blanditiis repellat ut.',0,'2015-11-30 18:22:03','2003-04-24 19:26:19'),(133,33,33,'Perferendis sunt et dolorem recusandae laborum. Error totam quos molestiae illum. Et tenetur voluptas qui ipsum. Deserunt consectetur laudantium perspiciatis ea est voluptate reiciendis.',0,'1991-01-29 14:15:33','2001-11-22 21:33:54'),(134,34,34,'Voluptas molestiae hic magni mollitia. Officia minus vel quae dolorem optio ducimus. Natus tenetur quia hic quam.',1,'1991-03-28 14:00:21','1992-10-04 13:58:08'),(135,35,35,'Voluptatem est qui accusamus labore doloremque hic ipsa. Modi fuga animi animi quo dolorum sit. Autem voluptas dignissimos asperiores ut quod aperiam est voluptatem. Fugiat voluptatibus hic eos est.',1,'2011-09-11 08:26:54','2018-05-25 07:31:00'),(136,36,36,'Ullam esse et qui corrupti unde et tenetur. Rerum perferendis voluptates error et. Dolor modi itaque ut corrupti minima. Cumque officiis earum dicta dignissimos vitae sed.',0,'1991-09-06 04:56:09','1982-01-05 08:01:57'),(137,37,37,'Quia sed quia et hic. Quo sunt nam voluptates vel. Assumenda necessitatibus doloribus aut ducimus veritatis libero dolor. Ut quasi et ut sit.',0,'2010-10-17 00:32:13','1973-04-01 13:30:46'),(138,38,38,'Enim laudantium odit molestias et atque eligendi expedita. Mollitia quibusdam sunt rerum quasi est. Enim et iusto vero qui.',1,'1985-04-09 15:39:05','1983-07-04 23:13:07'),(139,39,39,'Et quas omnis eveniet alias rerum rerum voluptas. Cum laboriosam id eos nam quibusdam provident fuga qui. Est quaerat dolores et rem assumenda commodi sunt natus. Dolorem libero hic enim qui.',0,'2001-10-29 18:29:09','1982-10-20 05:49:03'),(140,40,40,'Et commodi non delectus aperiam autem. Quos vero aut voluptatem fugit quibusdam eaque. Voluptate fugit dolorum dolores dolore mollitia eius.',1,'1986-01-30 13:02:56','1994-01-31 23:41:48'),(141,41,41,'Doloremque earum molestiae ad tempora fugiat sequi est. Vero rerum omnis corrupti repudiandae. Sit expedita atque voluptates ut expedita dolor sed. Totam labore nihil odit magni illo.',0,'2003-07-14 07:44:11','2015-03-10 10:29:07'),(142,42,42,'Modi voluptate voluptatem dolores rerum quam quaerat. Est optio perspiciatis doloremque esse reprehenderit. Ullam molestiae sint porro eum.',1,'2003-05-06 06:36:47','2001-09-07 03:06:48'),(143,43,43,'Soluta molestiae tempora consequatur non. Blanditiis eum ex aut fugit voluptates. Aliquid adipisci et voluptates debitis dolor unde.',0,'2011-09-11 16:26:25','2008-06-04 03:51:18'),(144,44,44,'Accusamus qui libero ut vero. Sit est in occaecati a rerum numquam voluptates. Ut perferendis tenetur adipisci quibusdam incidunt.',1,'2016-04-06 14:28:48','2003-04-05 15:51:42'),(145,45,45,'Corporis expedita ut molestias in possimus. In est beatae aliquam dignissimos maxime. Doloribus quisquam dolor sunt.',0,'1985-04-26 23:01:24','1975-04-09 19:32:33'),(146,46,46,'Itaque iusto omnis corporis. Facere recusandae quo voluptates laboriosam ipsa minima consequuntur. Aliquam temporibus quia aliquam ducimus voluptatum voluptatem est.',0,'1994-04-26 04:07:00','1983-10-12 01:08:55'),(147,47,47,'Omnis dicta qui laborum. Tempore explicabo sunt rem et. Aperiam nihil perspiciatis blanditiis est ex. Aut provident repellat maiores inventore.',1,'1977-02-04 23:30:32','1983-11-22 20:31:05'),(148,48,48,'Culpa quibusdam et eaque fugit voluptatem. Magni nam magni omnis et deleniti officia. Impedit quis facere velit veniam et expedita.',0,'1974-02-23 21:29:12','1975-04-06 09:13:04'),(149,49,49,'Neque ex officia expedita quisquam omnis ut delectus. Porro animi fugiat eum mollitia nam. Laborum voluptatem esse qui ea. Magnam nulla a et.',0,'1982-11-05 04:07:02','1988-01-17 11:15:09'),(150,50,50,'Reprehenderit dolorem est ea et. Id et enim quisquam quos.\nUt dolor inventore quaerat sed et. Sequi vel quasi aut molestiae adipisci iusto eligendi. Animi quia fuga culpa id consectetur excepturi.',0,'2008-01-08 10:50:51','2019-12-09 23:49:32'),(151,51,51,'Est nesciunt odit est. Aperiam veritatis ducimus sunt reprehenderit.',0,'2013-07-30 12:27:42','1997-07-22 05:52:10'),(152,52,52,'Esse velit et labore a. Perspiciatis sequi consequatur sint corporis. Molestias quasi dignissimos reiciendis omnis ad eaque.',0,'2016-06-08 21:44:11','2003-08-15 06:50:10'),(153,53,53,'Aperiam dolor ratione ullam possimus reprehenderit. Enim magni sed dolores odit culpa eum quisquam. Placeat sint itaque quae fugiat nostrum rerum suscipit. Eveniet quasi vero odio itaque.',1,'1989-02-21 20:11:40','1997-02-01 10:19:48'),(154,54,54,'Est quaerat neque exercitationem necessitatibus totam. Enim minus repellat aspernatur quae quidem. Dolore numquam nobis quidem id.',1,'1998-03-23 09:45:16','2015-01-16 10:21:48'),(155,55,55,'Quia quae odio itaque dolorem est in. Ipsam adipisci deleniti veritatis quisquam quibusdam. Quod ut doloremque est rerum dolor vero. Expedita et quo sed possimus amet neque quasi.',1,'1993-08-23 08:01:49','2009-09-29 22:32:48'),(156,56,56,'Dolor repellat fugiat quasi aut. Ut id eum voluptates et sint adipisci dolore. Similique aperiam et ipsa repellendus eaque rerum. Laudantium dignissimos voluptatem consequatur magnam.',1,'1996-05-03 12:09:24','1991-06-10 08:53:29'),(157,57,57,'Aut enim ad laborum expedita. Sit qui voluptas deleniti saepe sint. Quibusdam amet consequuntur adipisci autem aspernatur laudantium voluptatibus.',0,'2019-12-29 01:40:27','1977-05-24 04:19:10'),(158,58,58,'Non maxime dolor est consequatur maiores. Id est doloribus consequatur amet earum quas dolores. Delectus exercitationem atque laudantium doloremque. Doloribus veniam eos ipsum rem.',1,'2012-06-05 08:52:28','1998-01-31 05:15:34'),(159,59,59,'Ipsam qui voluptas quis soluta ea. Animi nobis consectetur sit praesentium reiciendis autem tenetur est. Rerum est est esse ipsa iste.',1,'2010-11-18 01:39:19','1976-09-16 15:20:31'),(160,60,60,'Dolor corrupti ad saepe ipsam harum voluptas voluptas. Delectus ducimus voluptatibus laboriosam eligendi et. Facere est totam dolores repellendus quia molestias fugit.',0,'2009-12-31 22:28:39','2003-03-21 11:34:25'),(161,61,61,'Repellat dolorem et consequatur quis aliquid. Dolore commodi odio accusantium doloribus. Dolor expedita maxime molestiae earum.',1,'1993-04-10 17:55:10','2002-10-31 09:33:02'),(162,62,62,'Consequatur fuga cum laboriosam quo. Rem esse praesentium dolores voluptas nulla soluta veniam. Sequi doloremque amet aut. Vel ab qui voluptatem cum et delectus enim.',0,'2016-03-07 23:32:24','2007-02-09 03:52:31'),(163,63,63,'Dolore accusamus totam quia blanditiis maxime. Ut vel et esse temporibus. Dicta labore commodi odio animi voluptatem voluptate temporibus deserunt. Aliquam est velit facere aut modi dolorem dolorem.',0,'1994-07-11 19:05:11','2003-02-06 08:06:15'),(164,64,64,'Similique praesentium maxime ut. Numquam eum asperiores rem sequi. Officia natus harum dolores laborum. At natus sunt consectetur quia impedit consectetur.',0,'1972-12-09 19:17:08','2012-12-11 17:22:33'),(165,65,65,'Non vero et sequi deleniti et. Vel excepturi ut molestiae laboriosam similique dolorem. Aut quia nisi sint quae omnis.',0,'1974-05-16 21:33:14','1983-01-01 02:04:36'),(166,66,66,'Itaque asperiores sit debitis. Ut qui veritatis itaque quia ipsam.\nAutem nam facilis asperiores. Qui id optio repudiandae reiciendis est. Omnis autem maxime eum blanditiis sunt.',0,'1997-04-08 14:11:45','1998-09-20 03:41:30'),(167,67,67,'Id quam et cupiditate numquam maxime hic. Et aut laboriosam reiciendis qui molestiae assumenda ut et. Vero ut rem distinctio deserunt qui veniam. Laudantium et aut exercitationem inventore.',0,'1978-05-13 05:14:51','2010-01-04 05:57:21'),(168,68,68,'In nam vitae repellendus corrupti. Temporibus dolorem velit sint necessitatibus omnis harum. Placeat ea earum atque quia dolorum suscipit eos aut. Dolorem alias rerum esse quasi.',0,'2013-03-16 18:16:26','2019-07-12 00:34:00'),(169,69,69,'Est minus est quidem optio officiis ut rem suscipit. Ullam cupiditate quibusdam porro debitis sed magni aut natus. Nihil sint et quia ut.',0,'1970-08-17 19:11:08','2017-02-02 05:21:04'),(170,70,70,'Nam asperiores sit et ut id eum. Aut animi deserunt quidem fuga. Illum asperiores et ab quia corporis iure.',1,'1983-11-01 06:29:33','1999-08-11 14:50:43'),(171,71,71,'Commodi cupiditate est aut et eaque quas voluptas. Cupiditate et voluptates iste ipsam asperiores. Aliquam illum enim reprehenderit ut corrupti accusantium.',1,'1992-11-04 11:18:40','2010-04-13 23:17:49'),(172,72,72,'Odio quod aut et id quidem laboriosam possimus. Quis quis aliquam laboriosam sapiente sint asperiores. Vel enim sit temporibus ipsum porro consequuntur.',1,'1994-05-10 16:16:41','2000-03-19 20:27:33'),(173,73,73,'Eos sed dicta dolores officia et vel. Quia dolorem in enim porro numquam. Non praesentium beatae vel rerum iste molestias unde quam. Incidunt hic in aut odio qui consequatur voluptate.',1,'2001-05-13 11:08:24','2004-08-05 10:27:57'),(174,74,74,'Aut iure et assumenda quod. Voluptate excepturi reprehenderit et aperiam architecto voluptas. Error cumque ducimus soluta occaecati saepe. Corrupti et sint voluptatem omnis culpa.',0,'1990-06-07 07:42:30','1974-02-24 13:39:40'),(175,75,75,'Perspiciatis illum omnis ut non ipsa et. Reprehenderit doloribus similique et eos ad. Voluptatem deserunt et ipsum pariatur.',1,'1992-05-01 05:00:42','1983-08-06 19:34:40'),(176,76,76,'Consectetur aspernatur doloribus repellendus provident repudiandae sed voluptatem. Iusto saepe est sed quod consequatur. Deleniti id consectetur exercitationem et.',1,'1975-03-11 06:53:51','1975-06-22 18:16:24'),(177,77,77,'Quasi autem consequatur voluptates facilis. Et illum saepe suscipit autem error. Nemo dolorem dolorum sit at dicta omnis est.',1,'1999-11-01 23:13:51','1998-05-26 23:45:24'),(178,78,78,'Est quam quae quidem itaque dolorum. Enim assumenda quae quos mollitia similique recusandae corrupti et. Ipsa error sint tempora. Consequatur provident cum sed et inventore et quis voluptatem.',0,'2008-05-28 18:33:18','1982-10-01 02:19:01'),(179,79,79,'Quis possimus soluta veniam cupiditate ab accusamus perspiciatis. Id et recusandae ut eos. Error hic necessitatibus nam odit error ea.',1,'1971-09-15 20:35:41','1984-04-11 11:06:56'),(180,80,80,'Quis tenetur voluptatem sunt occaecati. Nulla fugiat voluptate amet quia qui vel.',1,'1991-12-03 13:06:21','2010-01-14 01:15:56'),(181,81,81,'Quis quaerat ut quisquam quos voluptatem sit. Non sit id qui sint ut laborum. Sint voluptatem consequatur repudiandae magnam minima recusandae.',0,'1995-11-08 06:36:20','1985-10-03 11:46:47'),(182,82,82,'Enim beatae vitae nihil tempore. Consequatur pariatur sit blanditiis officia provident minus cumque sunt. Enim reiciendis in modi perferendis at.',1,'2002-06-21 04:43:34','2009-12-10 05:03:52'),(183,83,83,'Beatae non praesentium accusamus. Quae sunt autem animi dignissimos illum. Reprehenderit ratione nihil laborum. Ut ad possimus laudantium voluptatem. Voluptas aut quod et consequatur.',0,'2018-11-09 05:10:25','1976-12-09 13:28:15'),(184,84,84,'Reprehenderit amet tempora mollitia vero optio fugiat sapiente. Cumque iusto fugit fugit veniam animi maxime ea non. Quos dicta velit et molestiae reprehenderit facere cupiditate id.',0,'1983-10-12 09:49:22','2014-04-20 00:03:43'),(185,85,85,'Esse veritatis amet sed dolor dolores quia illo. Non laudantium sunt impedit assumenda cumque beatae. Deleniti accusamus quaerat voluptas non.',1,'1993-06-28 15:14:29','1990-04-17 21:27:59'),(186,86,86,'Fuga qui tempore adipisci aliquid accusantium excepturi magni. In hic ut voluptas est. Eum laboriosam suscipit eligendi adipisci beatae. Enim maiores quos excepturi temporibus.',1,'1987-01-06 18:36:01','2008-11-23 03:23:43'),(187,87,87,'Non quo ut eos quia. Sed mollitia architecto saepe deserunt doloribus a quia. Voluptatem tempore nemo tempore in. Minus qui ea nemo quia.',0,'2004-12-03 06:07:13','1983-05-03 22:03:32'),(188,88,88,'Sint provident voluptates id a non quo aut. Repellendus ipsum ea deserunt repellat nesciunt. Totam dolorem impedit necessitatibus.',0,'1983-09-11 02:49:12','1972-06-28 08:38:10'),(189,89,89,'Quia architecto animi voluptas rerum. Ea dolorum nam nihil eos est. Suscipit et cum non ex. Quam molestias dolorem dolore sequi ut illo facilis.',1,'1983-10-30 03:42:14','1984-10-08 16:55:57'),(190,90,90,'Qui eum sapiente qui accusamus. Et sequi eligendi et minus. Hic nam omnis velit voluptatem amet sit facere. Laudantium magnam ipsam esse consequatur ab neque qui.',1,'1987-02-28 06:27:55','2010-03-23 18:48:21'),(191,91,91,'Quibusdam assumenda et similique placeat. Sit veniam illo autem voluptas et. Sunt iusto voluptates nihil labore ducimus hic.',1,'1972-09-04 20:40:05','1977-07-07 20:44:01'),(192,92,92,'Dolores nesciunt facere a quas nisi facere necessitatibus beatae. In nihil soluta illo distinctio in sed. Sed sed sint quidem ut. Reiciendis quod id tempora consequatur inventore.',1,'2017-06-03 09:03:02','1998-03-19 17:30:38'),(193,93,93,'Veritatis ut voluptas nostrum ut dolor. Est dolor quo reiciendis voluptatibus. Error est ullam ut quidem. Dolor rerum molestiae saepe mollitia.',0,'1998-08-13 19:40:28','1970-10-08 03:09:27'),(194,94,94,'Eos aliquid quia magnam quidem quia alias omnis. Numquam iusto id fugit laboriosam aperiam at. Repudiandae sed ad eligendi.',1,'1984-06-03 13:32:52','1973-02-19 00:54:29'),(195,95,95,'Quo ex qui sed. Quis aut qui minus nemo. Qui et delectus provident tempore vitae sint.',0,'1977-05-08 02:56:59','1972-09-22 09:07:27'),(196,96,96,'Iure ut non quos et ad. Veritatis odit maiores consequuntur vero quia aliquid ut. Consequatur saepe debitis impedit repellat omnis omnis pariatur. Dicta voluptate autem temporibus mollitia aut ut.',1,'2019-04-04 06:14:40','1998-09-29 11:11:32'),(197,97,97,'Mollitia praesentium excepturi vitae ullam reiciendis placeat modi quibusdam. Voluptatem illo illum ut facere. Praesentium ut ducimus est dolorum.',1,'2005-02-06 03:17:01','1998-11-19 15:30:38'),(198,98,98,'Minima mollitia quia aspernatur beatae ea iste et. Officiis dolore quisquam rerum rerum nesciunt. Velit ducimus sapiente ipsa odit saepe. Nostrum molestias et eum repellat suscipit.',0,'2001-06-22 23:19:44','1999-08-29 04:59:08'),(199,99,99,'Qui blanditiis eius magnam cupiditate sunt quia. Ut impedit maxime et aliquid est. Nisi eum sit aut sit ab facilis. Ea eligendi quos est aut dolorem accusamus molestiae.',1,'2008-02-09 18:32:04','2006-10-27 07:15:48'),(200,100,100,'Rerum quia unde beatae quibusdam illo et. Accusantium expedita nesciunt voluptas magnam nostrum quod omnis exercitationem. At voluptas qui corrupti veniam voluptatem. Eum qui amet deleniti non.',0,'2016-05-15 03:03:07','1984-10-10 18:49:11');
/*!40000 ALTER TABLE `messages` ENABLE KEYS */;
UNLOCK TABLES;

--
-- Table structure for table `profiles`
--

DROP TABLE IF EXISTS `profiles`;
/*!40101 SET @saved_cs_client     = @@character_set_client */;
/*!40101 SET character_set_client = utf8 */;
CREATE TABLE `profiles` (
  `user_id` bigint(20) unsigned NOT NULL,
  `gender` enum('f','m','x') COLLATE utf8mb4_unicode_ci NOT NULL,
  `birthday` date NOT NULL,
  `photo_id` bigint(20) unsigned DEFAULT NULL,
  `user_status` varchar(30) COLLATE utf8mb4_unicode_ci DEFAULT NULL,
  `city` varchar(130) COLLATE utf8mb4_unicode_ci DEFAULT NULL,
  `country` varchar(130) COLLATE utf8mb4_unicode_ci DEFAULT NULL,
  UNIQUE KEY `fk_profiles_users_to_idx` (`user_id`),
  UNIQUE KEY `photo_id` (`photo_id`),
  CONSTRAINT `fk_profiles_users` FOREIGN KEY (`user_id`) REFERENCES `users` (`id`)
) ENGINE=InnoDB DEFAULT CHARSET=utf8mb4 COLLATE=utf8mb4_unicode_ci;
/*!40101 SET character_set_client = @saved_cs_client */;

--
-- Dumping data for table `profiles`
--

LOCK TABLES `profiles` WRITE;
/*!40000 ALTER TABLE `profiles` DISABLE KEYS */;
INSERT INTO `profiles` VALUES (1,'x','1994-03-18',16521,'Ex soluta pariatur qui error n','Ramiroview','Paraguay'),(2,'x','1971-01-22',26,'Iusto placeat aut in et aut pr','East Nona','Cuba'),(3,'m','2017-08-07',1,'Sed earum voluptatem quae dolo','Port Helena','Niger'),(4,'m','2012-11-16',2,'Maiores est cumque et debitis.','East Bretborough','Jordan'),(5,'m','1991-06-06',44590451,'Et et cupiditate reprehenderit','Stiedemannburgh','Burundi'),(6,'x','1976-02-12',228457955,'Aut natus eum magnam sunt temp','South Furman','Seychelles'),(7,'m','2017-12-04',3069464,'Voluptas hic dolor dolorem hic','Santinoport','Cambodia'),(8,'f','1990-10-23',86707,'Facilis quia consequuntur esse','North Yessenia','Indonesia'),(10,'f','1997-07-11',190108715,'Non labore labore omnis accusa','East Tomasa','Lesotho'),(11,'m','1982-01-12',81698799,'Voluptatem dolor minima perfer','Huelsborough','Togo'),(12,'m','2013-02-19',9693476,'Aspernatur laboriosam suscipit','West Letaview','Israel'),(13,'x','1992-09-18',832835,'Repellat sint vitae libero dig','South Rosamond','Ecuador'),(14,'x','2016-01-01',43,'Dolores et voluptatum sit sed.','North Garrison','American Samoa'),(16,'f','2000-01-27',2242,'Quibusdam sit vitae magni moll','East Juwan','Mauritius'),(17,'f','1987-05-08',1331,'Accusamus vel dolor et nihil a','South Teresa','Germany'),(18,'m','2018-10-11',6,'Non ipsa pariatur dolore dicta','North Sigurdport','Peru'),(19,'m','2007-09-29',3500,'Necessitatibus voluptates veli','North Kelleyberg','Saint Martin'),(20,'m','1994-08-18',525895,'Et sint ipsam numquam. Dolorem','East Shanonland','Austria'),(21,'x','1972-03-14',0,'Aliquam aut id perferendis mol','Watsicashire','Hungary'),(22,'f','1985-04-18',28676,'Nihil nostrum explicabo quia s','Port Cotybury','China'),(23,'f','1990-08-17',657,'Beatae qui molestias quia labo','Rustyton','Zimbabwe'),(24,'x','2008-03-05',3144230,'Autem nihil illum hic et repre','South Faustinoton','Monaco'),(25,'x','1996-08-28',2145030,'Dicta dolores optio repellat n','North Eliside','Azerbaijan'),(26,'f','1998-11-23',96008703,'Minima quidem aut pariatur vol','Port Christopheland','Aruba'),(27,'f','1986-12-25',19897666,'Dolorem dolorum sint nihil sit','South Meredithside','Hong Kong'),(28,'f','1998-10-28',345,'Voluptatem sunt quaerat expedi','Wolffmouth','Djibouti'),(29,'m','1970-10-20',12592818,'Explicabo rerum fugiat dolorib','West Genevieve','Hungary'),(30,'f','2002-11-23',107016,'Facilis magnam perferendis occ','Port Richard','Ireland'),(31,'m','1990-12-11',3009,'Beatae ex numquam vel veniam. ','North Alexanechester','Norfolk Island'),(32,'x','1973-08-30',25,'Qui rem provident officia ut. ','Port Joanberg','Reunion'),(33,'m','2015-04-26',34,'Ut ut rerum sequi deserunt cum','South Matteo','Latvia'),(34,'f','1994-11-16',1240544,'Aspernatur id sit reiciendis n','Pricemouth','Algeria'),(36,'x','2012-07-04',13559958,'Voluptas nihil neque sunt maxi','East Lillian','Romania'),(37,'m','2020-10-20',16300,'Qui qui impedit ab consectetur','New Clairberg','Jersey'),(38,'m','1999-02-11',10339,'Aut consectetur nemo voluptas ','West Paxton','South Africa'),(39,'x','1991-09-04',1884147,'Eveniet distinctio quasi eum v','Vonfurt','Algeria'),(40,'f','2008-04-21',47339,'A aperiam unde cupiditate ipsa','Maggioberg','Kyrgyz Republic'),(42,'x','1996-06-11',47415609,'Aliquam voluptas perferendis e','West Kirk','Chile'),(43,'f','2012-08-17',184948,'Eos nulla beatae quam voluptat','South Krystel','Saint Helena'),(44,'m','2017-07-11',717824854,'Perspiciatis consequuntur susc','Roxannefurt','Uzbekistan'),(45,'m','2007-10-24',3342754,'Minima quae rerum dolore sint ','South Elijahport','Slovakia (Slovak Republic)'),(46,'m','2011-11-10',561364,'Mollitia eaque ut voluptas a v','Handport','Zimbabwe'),(47,'m','1994-12-15',120402219,'Ut quo voluptates aspernatur l','Kyleighberg','Nauru'),(48,'f','2008-03-18',4630558,'Ipsam nostrum perspiciatis exe','East Luemouth','Morocco'),(49,'f','1998-09-11',42,'Harum enim non libero quo face','West Citlalli','Honduras'),(50,'f','2019-09-06',2628934,'Autem qui consequatur rerum qu','South Sasha','Afghanistan'),(51,'m','1994-07-21',618190,'Esse aut necessitatibus quae p','Jastburgh','Angola'),(52,'f','2016-04-29',1122,'Et labore vero consequuntur qu','West Jasenton','Macedonia'),(53,'x','2006-09-23',2448,'Fuga libero porro a incidunt e','Letaborough','Yemen'),(55,'f','2009-07-26',911,'Labore nostrum voluptatem nemo','Pacochashire','Ukraine'),(56,'x','1976-12-11',89046459,'Temporibus et assumenda ea ut ','Lake Garrickport','French Southern Territories'),(58,'f','1992-05-03',978682,'Inventore repellat nostrum num','Sengermouth','Chad'),(59,'f','1982-06-03',79032,'At autem deleniti adipisci duc','South Mortonshire','United States Virgin Islands'),(60,'m','2012-10-11',1813503,'Dolores voluptas sunt cupidita','Boganmouth','Wallis and Futuna'),(61,'f','1977-11-29',1636,'Quia consequatur totam ducimus','North Gerdaberg','United Kingdom'),(62,'x','1972-08-16',9068,'Praesentium voluptatem cum ut ','Port Bridgette','Vietnam'),(63,'m','1982-04-30',3,'Harum minima culpa a laudantiu','Josianeton','Sierra Leone'),(64,'m','1989-11-05',1116,'Placeat nulla voluptatem accus','Port Gianniburgh','Spain'),(65,'f','2020-09-13',66,'Quam necessitatibus doloribus ','Tadshire','Kenya'),(66,'m','2008-11-18',324200,'Quo molestiae consequatur et a','South Clark','San Marino'),(67,'m','2001-10-11',60864885,'Cum qui ut occaecati illum sus','Port Suzannetown','Spain'),(68,'m','2011-11-14',298505,'Amet quis iste ut enim ut a. N','East Karianeland','Bulgaria'),(70,'x','1999-01-01',190608,'Officia ut ut illum enim. Sed ','Lake Thurmantown','Guatemala'),(72,'x','2006-01-14',106,'Sint aut molestias aut non rei','Hattieburgh','Austria'),(73,'x','2002-01-10',51341018,'Magnam officia ut in dolorum n','New Amirview','Jersey'),(75,'m','1995-01-27',10845,'Ipsam architecto rerum non ips','Port Bonnie','Tajikistan'),(76,'x','2008-03-08',193309391,'Perspiciatis totam aut commodi','New Jamie','Equatorial Guinea'),(77,'m','1981-06-23',35930195,'Mollitia assumenda neque digni','Lake Clementineton','Croatia'),(78,'x','2012-04-15',93,'Non nihil impedit tempore unde','Lake Melvin','Hong Kong'),(79,'m','2000-04-08',21345554,'Est quaerat ducimus nostrum la','Hermannmouth','Croatia'),(80,'m','1995-05-03',6267,'Autem voluptas magnam rerum om','Port Helgabury','Equatorial Guinea'),(81,'f','1988-08-22',647,'Qui rerum sequi esse est conse','West Laurenside','Slovakia (Slovak Republic)'),(82,'f','2013-04-20',61147110,'Omnis aut nisi aut neque. Porr','Port Eveton','Saint Helena'),(83,'x','1987-01-24',62758229,'Perspiciatis quis et nesciunt ','Boyerville','Poland'),(84,'x','2013-03-12',313,'Deserunt facilis velit molliti','New Armani','Falkland Islands (Malvinas)'),(85,'x','2007-01-22',1068941,'Vel cupiditate voluptatum at i','East Reynaside','Cape Verde'),(86,'m','1997-10-15',755998,'Soluta ullam saepe maxime sit ','Maxineborough','Zambia'),(88,'f','1992-10-27',424,'Magni praesentium odit dolorem','Batzbury','United Arab Emirates'),(89,'f','2005-05-17',302684,'Beatae laborum quod aliquam vi','North Muhammadchester','Samoa'),(90,'m','2014-08-25',58205,'Culpa quaerat qui expedita. Fa','East Nathanaelstad','Gambia'),(91,'f','2002-10-22',11880495,'Sed ea ipsam nostrum quis sit.','O\'Kontown','Guernsey'),(92,'x','2016-01-14',817113633,'Voluptatem minima sequi maxime','North Vivienneton','Argentina'),(93,'x','2005-05-28',25048827,'Recusandae ipsum eius quas pro','Haleyfort','Seychelles'),(94,'x','2015-12-10',21,'Et ea placeat qui et quam temp','West Doyle','Falkland Islands (Malvinas)'),(95,'f','1978-03-09',316104,'Tempore aut quo temporibus mol','West Jess','Reunion'),(96,'f','1973-11-01',39,'Ut consequuntur error pariatur','Port Maryjane','Heard Island and McDonald Islands'),(97,'m','2020-05-15',298625736,'Sequi omnis et architecto. In ','Marioview','Holy See (Vatican City State)'),(98,'x','1981-06-02',2931,'Minus sit dolor sint molestias','South Angie','Mauritania'),(99,'x','2007-07-10',3122590,'Assumenda sint eveniet incidun','Daughertyshire','Kuwait'),(100,'f','1973-10-28',4049,'Neque doloribus neque corporis','North Dannietown','Tunisia');
/*!40000 ALTER TABLE `profiles` ENABLE KEYS */;
UNLOCK TABLES;

--
-- Table structure for table `users`
--

DROP TABLE IF EXISTS `users`;
/*!40101 SET @saved_cs_client     = @@character_set_client */;
/*!40101 SET character_set_client = utf8 */;
CREATE TABLE `users` (
  `id` bigint(20) unsigned NOT NULL AUTO_INCREMENT,
  `first_name` varchar(145) COLLATE utf8mb4_unicode_ci NOT NULL,
  `last_name` varchar(145) COLLATE utf8mb4_unicode_ci NOT NULL,
  `email` varchar(145) COLLATE utf8mb4_unicode_ci NOT NULL,
  `phone` varchar(11) COLLATE utf8mb4_unicode_ci DEFAULT NULL,
  `password_hash` char(65) COLLATE utf8mb4_unicode_ci DEFAULT NULL,
  `created_at` datetime NOT NULL DEFAULT current_timestamp(),
  PRIMARY KEY (`id`),
  UNIQUE KEY `email_unique` (`email`),
  UNIQUE KEY `phone_unique` (`phone`)
) ENGINE=InnoDB AUTO_INCREMENT=101 DEFAULT CHARSET=utf8mb4 COLLATE=utf8mb4_unicode_ci;
/*!40101 SET character_set_client = @saved_cs_client */;

--
-- Dumping data for table `users`
--

LOCK TABLES `users` WRITE;
/*!40000 ALTER TABLE `users` DISABLE KEYS */;
INSERT INTO `users` VALUES (1,'Nichole','Wunsch','mfranecki@example.net','(656)428-24','b7ff01c99b74fcdb03dae4eae9cc1c06e39daf24','2001-07-01 05:20:30'),(2,'Kennith','Crooks','kerluke.lessie@example.org','06168295114','198af55a3677788e4172e3ceb3323fc09bcc5595','1989-12-11 00:04:22'),(3,'Griffin','Block','mraz.joannie@example.net','(023)230-40','58d12b0f09be569879e54a438a4d3dd2508ffae9','1993-01-27 01:11:29'),(4,'Nakia','Harris','laila83@example.net','327.808.110','137c22391c1661b9bf32a6d34c42f64940f57558','1981-12-12 05:00:14'),(5,'Anne','Yost','labadie.susan@example.com','361-926-774','02e6d914c392f8404784d64313751cceb54d7dd0','1976-09-07 15:06:53'),(6,'Gerry','Jacobson','jerald43@example.net','+23(4)45263','69a08464ebb3351f43104cc8cb2a00cb51641c40','1994-01-23 04:22:05'),(7,'Jaycee','Hodkiewicz','usimonis@example.com','1-778-196-6','cedad6d7c965675f62f54265a432089ae5e93724','1987-07-08 23:00:57'),(8,'Lucio','Connelly','frederique40@example.com','(287)079-85','43044e5b35eabdca398564308d12c2876c9d548f','2012-07-16 03:09:26'),(9,'Pierre','Gutkowski','gulgowski.sterling@example.net','604-385-469','07c9a20b4f27a1c2c7572e3094667a84f7f76a88','2012-10-11 12:48:33'),(10,'Braden','Kirlin','ewell40@example.net','+50(2)09459','d573fb2d8a6871fb102348f2b2a477278a34a993','1986-05-28 18:47:30'),(11,'Dedrick','Wisozk','brown.opal@example.org','1-167-183-1','65811a0dc9ba7717ed9bdd1efa337612b521e024','2017-05-17 01:18:28'),(12,'Caleigh','Rowe','kessler.sim@example.org','+59(6)03464','1823b62603f3eb84ee66848d4e892080dca98f58','1997-01-15 12:46:30'),(13,'Marley','Greenfelder','boyer.eileen@example.net','(477)945-69','b9629cfa9e524ff90d85f98bae8c7aa8aa4981fa','1978-12-20 23:23:39'),(14,'Tyree','Russel','gbergstrom@example.net','482-163-042','c25923e8aa73eb5f9f71a73fac49cb7cf295a297','1981-05-28 07:55:30'),(15,'Jonathon','Dicki','ethelyn82@example.com','1-094-292-8','16dd3750562d02e12c7cd371ec9245a987f15f4a','1981-10-10 07:04:42'),(16,'Ethyl','Dicki','hoeger.albert@example.net','204.538.731','9c47383c6810ef0477c72e2f787b8245b412c86a','2007-05-07 06:31:01'),(17,'Rosendo','Mraz','kreiger.jarvis@example.com','461-637-820','036f19be047bc7972f0d92cfd1776119996de870','1982-09-23 21:15:30'),(18,'Amos','Nolan','jarod26@example.org','1-181-289-2','a8a63b00b8b49d3fda2c29584cd7edc8b70c40fc','1988-06-07 17:29:21'),(19,'Alena','Mayert','wilma49@example.org','393.766.403','9af8c307d8142e03dc23af00c7a92e7fbdd01bab','1984-08-09 04:50:51'),(20,'Lavina','Halvorson','alexie83@example.com','06358073661','ae566723410359ef3a80af28ce210b55fb459705','1981-02-18 13:44:28'),(21,'Hassie','Mitchell','bruen.ryleigh@example.net','02079482891','0bed1aaef7e126e46ae9cec1abb766ab28b42da4','1996-06-10 10:17:54'),(22,'Jordon','Jaskolski','crona.cullen@example.com','128.354.885','b7ab20a28e286a322df95cf1002523857bbac79f','1985-02-25 00:40:40'),(23,'Adriel','Rutherford','alisa01@example.org','+32(2)19678','4c505de2afc76a71c58e48b887593531668b67e9','2019-01-24 15:50:17'),(24,'Joanne','Kunde','ljerde@example.com','04498904505','9aa352e6cd973383e975a2dec4bac166642fc0b8','2018-10-12 10:23:27'),(25,'Lessie','Kuhic','furman.considine@example.com','(025)208-45','9853c3b839a2bf86c75910f34600e4275abb2d69','2002-01-02 23:48:04'),(26,'Annette','Simonis','janick.davis@example.com','1-751-340-9','d4594dfe4805d9ec71f5fc3f974c8ec05266a420','1988-12-07 22:41:00'),(27,'Erich','Orn','hwalsh@example.com','(589)740-10','e52860e14883ca9d74aae83e3f2296ad0130f4c6','2016-08-02 17:35:53'),(28,'Simeon','Franecki','keebler.heather@example.org','(179)571-29','c67c17356f1b15f5835779b36ddc8f0fbd5304af','2005-01-19 08:07:33'),(29,'Cortney','Murray','lela.stokes@example.com','01362601853','f863b224e8ef2870d9fa686a5c888233241fcae4','1981-10-29 20:16:04'),(30,'Colton','Weissnat','krunolfsson@example.com','969-819-642','c22c485f56a8a1186d9e6b1d4a18661800063a21','2005-10-13 00:52:14'),(31,'Savanna','Kuvalis','jkuhn@example.com','132.483.512','a2a8565b95b508afdf053cff88da3fb10d1aa358','1978-10-26 23:19:00'),(32,'Berry','Heidenreich','lenna80@example.org','06368537922','5f41cb4262d962e3f195c481c86edb478b78c1ef','1979-10-15 13:42:43'),(33,'Laverne','Renner','mbeahan@example.net','1-358-257-0','bcd31e88ac1c5d1f7dcedb52aee0fafa8988acc0','1977-09-17 06:53:51'),(34,'Clotilde','Bosco','jacobs.jamal@example.org','372-248-484','826b715096bdb7b70ef55fca53f587a3d1281206','2009-10-10 13:32:36'),(35,'Nicole','Toy','kuhic.filiberto@example.net','746.531.893','25605b31165b30b591cb31fc234eb7b99808acd8','2015-11-28 04:57:06'),(36,'Alessia','Murray','teresa.mueller@example.com','533.374.865','de094ed4111c7d5bec2e4e5ed6709f81685707cb','1991-03-13 17:22:14'),(37,'Hulda','DuBuque','estevan93@example.com','+26(0)08184','e8137d5f7e857e2283b695bc205bfa31826b3e37','1975-11-29 16:40:04'),(38,'Verdie','Flatley','king.erich@example.com','494.799.539','e081ccd4f68a6722c1f7b8808503492a2fe100b0','1992-04-22 08:29:25'),(39,'Ines','Skiles','kurtis55@example.com','1-930-371-9','6ffb39a91bcfee8b7186d106a7b556bb620b689a','2003-10-12 03:44:54'),(40,'Misael','Bode','pgislason@example.org','223.741.972','025aaf0910f231a5b1baa62d91f650a5d13cfa93','1974-07-26 10:43:40'),(41,'Everette','Hilll','ngrady@example.net','903.780.106','b7e8a9ded61d787e7c9b3f027d1197be864192f7','1975-09-17 00:18:47'),(42,'Loy','Heller','ipfeffer@example.net','860.662.754','c3b5a9890ebf90198da97ac890b00a36951cb9b6','2015-02-11 11:55:33'),(43,'London','Welch','emante@example.net','+22(6)50252','4fcd7d00da5e9295b92da2724e3b5637c853cbf4','1990-05-04 16:20:55'),(44,'Holly','Tillman','balistreri.bryce@example.com','+04(3)96162','03a7e14068cde44931df009620ddea7e04355349','2016-11-13 21:14:24'),(45,'Adrian','Brown','jon42@example.net','618.574.845','375b45fef0aae5ac19da548645656d62c9672d6d','1988-05-22 14:22:49'),(46,'Sadye','Veum','kay80@example.com','1-823-710-1','476742de4780b261c18f0dd0689a62d481f0eddd','1975-02-13 07:37:39'),(47,'Kayden','Kuhic','amber34@example.com','984.912.719','b7320a9a2c346ebedce520635ee6e101ca0759e3','2011-01-01 01:02:53'),(48,'Dusty','Vandervort','loraine59@example.com','590-762-427','fe75057d426679c804ba009df7b535dcc1395eb9','1974-06-20 05:20:55'),(49,'Dasia','Sipes','trevion25@example.org','347.549.682','f3fb80c359ecbc5eb69094ffa5faa4df70ccb6de','2006-04-11 07:25:35'),(50,'Lenora','Medhurst','alexane34@example.net','1-787-903-9','9c2d837ed3c0de6cd4ff536b72f84e8a1d73f732','1981-02-07 23:55:32'),(51,'Ole','Morissette','zella.parisian@example.net','08182283175','864434e2067fb346856e50022d05292d4342b177','2001-08-25 00:15:36'),(52,'Cecilia','Pfannerstill','alexanne40@example.org','1-419-226-6','c3020074736784f951c07d96e09968c35aa07970','2017-03-09 11:12:21'),(53,'Rodolfo','Borer','glennie47@example.com','1-248-954-5','567722cc213048d326f399cebe6875045310bfc7','1976-03-24 12:44:21'),(54,'Willy','Padberg','ntorphy@example.com','193-510-553','c9b8dfbbabb7611048fef3265d95ee75d7160a9e','1984-03-14 02:04:42'),(55,'Laury','Wuckert','berge.arianna@example.org','347.996.567','4027b5e87d254d8bbf3943fab0b164fd7be962cf','2020-06-12 03:04:25'),(56,'Kendrick','King','francesca42@example.org','583.050.253','d901cebb4cd71e88a8444cc9fac35e4ad9ca2324','2011-01-17 08:57:38'),(57,'Gilberto','Rohan','erick.ziemann@example.com','1-143-800-1','06e0ad55e2104fdfa2079173f22a5d115ce086a8','2000-06-14 17:34:56'),(58,'Melvin','Homenick','xshanahan@example.org','(426)497-30','d652a5c2e08cf15963394dffee3ae46b522c31fc','2020-06-18 03:26:22'),(59,'Matilda','Murazik','kwatsica@example.org','035.195.731','4fc86fe60dec4c463028153d1ed8860b06680c36','1997-06-07 22:45:48'),(60,'Bailee','Armstrong','moses.goodwin@example.com','(252)163-60','4ea95c3cd082f350cf6b43f56528a7d15beb8b9c','1976-08-17 23:46:16'),(61,'Marguerite','Jaskolski','curt.bailey@example.com','(226)688-68','6c3a2e7afc34131d7b8505a3edd8c23f98fe4265','2016-10-06 07:18:00'),(62,'Krystel','Kilback','annabelle.dickens@example.net','836-871-045','9eb3329db159f6fa3509c8aec65b3c426b15073d','1991-08-04 14:25:44'),(63,'Clotilde','Wintheiser','lela20@example.com','181.228.613','fa42cef2a553ff1e3de321565efbfa05ee5fda24','1997-12-17 07:39:09'),(64,'Lois','Baumbach','demarco19@example.com','727.508.694','222deb229967f7670b4bb4599cf97859fc2cafc1','1981-09-30 23:21:32'),(65,'Narciso','Eichmann','sheldon.luettgen@example.net','(618)704-64','6764befaf7bacd81f6194a7b263230b7f912fd94','2011-10-11 00:11:38'),(66,'Steve','Jacobi','ross.raynor@example.org','749-774-695','1261aad3a73199d046bd0c080ab34b8406f6a8fe','2010-08-27 02:03:53'),(67,'Wilson','Harber','hsawayn@example.net','1-129-534-1','f3c9ba1b32f62f38239ae953f823952121fa3207','1988-09-14 03:41:11'),(68,'Lia','Bogisich','hudson.lupe@example.net','964.938.424','56f0165249fc42099603377c3ba2ed2ab7de552a','1988-08-15 22:29:30'),(69,'Athena','Hagenes','delfina.fay@example.org','(792)504-58','ff84f8646e7e00d35cad3c424812a7266f24b63f','2017-12-29 18:54:33'),(70,'Allie','Orn','lehner.opal@example.com','(042)857-65','deee55de206ef53e9f185311068b95fd8a3eaa6a','1973-08-28 19:42:51'),(71,'Destini','Morar','lane.shanahan@example.net','+30(2)73591','681344083010d33822faaa8e09e3601d5de0d1af','2014-05-17 12:23:11'),(72,'Randal','Monahan','bschroeder@example.net','1-648-458-2','63bac805a9463423e79e3bd82becb08fc82ab414','2020-07-09 01:03:41'),(73,'Providenci','Bergnaum','wmuller@example.com','201.851.524','c46784beb22ff5654b712504ca538c2031422eb2','2007-12-04 21:33:00'),(74,'Parker','Daniel','schuppe.xavier@example.net','1-349-330-8','0ea26e3fc9bc7fa244ae24580e964eafcd10ae5b','1973-01-12 23:16:54'),(75,'Suzanne','Mann','qkunze@example.com','00149166763','009aead878f3e2526808f24862a2b2b89e6b8728','2003-11-03 16:20:01'),(76,'Arnulfo','Rice','elmo.kihn@example.org','1-971-400-5','4fa0df78b9856091c41f341a32a0934e87a1b426','2005-11-28 23:40:10'),(77,'Roman','Lemke','gordon.greenholt@example.com','478.864.163','69411c240354d9554e1c445a3a2ba2ed6b1f266b','1995-05-15 12:43:23'),(78,'Carlo','Grimes','mschowalter@example.com','350-046-097','665d8447e72057048c6f7deaa9aa2095fbe11343','2007-12-24 09:34:38'),(79,'Maria','Cassin','gibson.roxanne@example.org','268-993-644','f000f030703786e37144d3b6978a7a19d4f95588','2007-03-21 10:36:20'),(80,'Mohammad','Champlin','swaniawski.willie@example.org','(085)929-52','88b830d7138e31d2cf6fcff729b5e9f87b046745','1970-09-18 03:09:48'),(81,'Kailee','Osinski','hackett.jaclyn@example.org','(957)762-23','1e847dc6e0ae833ef9a829eec0d77421582d5516','2003-03-13 15:29:48'),(82,'Fannie','Rosenbaum','cwilderman@example.com','877-513-569','6bcb59d92dbf8f3aa9e78893ab8fe73e8a656b4a','2006-01-02 15:55:55'),(83,'Sigurd','Streich','kutch.marilou@example.com','(482)532-32','feaf897ecdb61bdbf5f814e705419881afa53242','2017-02-09 04:01:30'),(84,'Noel','Brakus','ignacio72@example.org','1-608-818-8','c3afbe15033498e0a9068120efceb03faff4c235','2011-08-21 23:49:23'),(85,'Nya','Paucek','weimann.vada@example.org','(228)260-14','536756e28bac058563328a01e6fcf73bc3045428','1972-11-27 21:15:43'),(86,'Heidi','Bernhard','darby80@example.org','(118)901-34','2bb54821c1ce68be057b4492ee2d8e07439b54a4','1973-11-25 04:08:42'),(87,'Hellen','Effertz','jules.windler@example.net','591.506.184','a324723e2d03ecd1fae10addf319c7a90a7e7457','1992-09-26 10:49:08'),(88,'Ashlee','Hand','nicolette60@example.org','(069)095-66','27f1315361246efae153110dd82f6e63c1821608','2006-03-10 12:05:06'),(89,'Brennan','Hackett','larry74@example.com','056-979-196','2f17b2b2b1695db6c24b43544cffe604c7dd810d','2014-04-15 10:54:20'),(90,'Tamia','Emard','qlang@example.net','1-020-883-7','ac0f29e19dfc595a85966576212a61231f879d90','1980-03-20 05:53:01'),(91,'Katelynn','Gutmann','geovanni.kuhn@example.net','936.048.490','637b8b012ee10272a9bdfe41a8d79f620b4c93d7','1999-12-30 00:19:18'),(92,'Calista','Abernathy','dschultz@example.org','338.953.251','9d1f14e38bc76590d2cab9acea3ea889615d3947','1998-06-10 16:58:17'),(93,'Stephan','Cormier','fahey.stacy@example.net','(589)536-96','adff925f945ed91377f833acbb36f6fb82149c31','2020-12-14 04:22:34'),(94,'Dolores','Quigley','morar.eldred@example.com','(152)234-10','9ae0b3994c62c69e44d476256adfef796e774b1d','1973-09-05 16:20:13'),(95,'Vivianne','Sipes','kiehn.virginie@example.net','1-536-541-7','086f42d17e417e766983b0c9b5725956155c21e7','2010-04-26 14:46:00'),(96,'Meghan','Gorczany','osbaldo00@example.net','(540)311-70','40a63b2f80e6af5e9af90e8c0467ebbda8df8e6a','1972-05-04 08:11:16'),(97,'Lelia','Huel','parker.ari@example.com','251.334.058','efbb45b9dc18f0984ba21f52ae81e39b4b456525','1973-03-11 07:21:07'),(98,'Schuyler','Waters','zboncak.alysha@example.net','401.442.849','f07ce43c08f64ddf34c492ac7272696488624ad7','1971-08-19 02:52:01'),(99,'Freeman','Prohaska','addie10@example.org','1-888-059-6','304465ca2e450caf591d529d42f7b68897d5cc27','1987-07-30 01:18:00'),(100,'Ellen','Monahan','iledner@example.net','04312327604','b21b189201b2b46a2ad021d074e41917f432653b','2006-10-12 15:42:41');
/*!40000 ALTER TABLE `users` ENABLE KEYS */;
UNLOCK TABLES;
/*!40103 SET TIME_ZONE=@OLD_TIME_ZONE */;

/*!40101 SET SQL_MODE=@OLD_SQL_MODE */;
/*!40014 SET FOREIGN_KEY_CHECKS=@OLD_FOREIGN_KEY_CHECKS */;
/*!40014 SET UNIQUE_CHECKS=@OLD_UNIQUE_CHECKS */;
/*!40101 SET CHARACTER_SET_CLIENT=@OLD_CHARACTER_SET_CLIENT */;
/*!40101 SET CHARACTER_SET_RESULTS=@OLD_CHARACTER_SET_RESULTS */;
/*!40101 SET COLLATION_CONNECTION=@OLD_COLLATION_CONNECTION */;
/*!40111 SET SQL_NOTES=@OLD_SQL_NOTES */;

-- Dump completed on 2021-03-21 19:39:35
